{
	"parent": "better_babies:item/entity/template_sheep_moving",
	"textures": {
	  "texture_body": "better_babies:item/entity/sheep/sheep_hurt",
	  "texture_frame_0": "better_babies:item/entity/sheep/sheep_hurt_animation/frame_0",
	  "texture_frame_1": "better_babies:item/entity/sheep/sheep_hurt_animation/frame_1",
	  "texture_frame_2": "better_babies:item/entity/sheep/sheep_hurt_animation/frame_2",
	  "texture_frame_3": "better_babies:item/entity/sheep/sheep_hurt_animation/frame_3",
	  "texture_frame_4": "better_babies:item/entity/sheep/sheep_hurt_animation/frame_4",
	  "texture_frame_5": "better_babies:item/entity/sheep/sheep_hurt_animation/frame_5",
	  "texture_frame_6": "better_babies:item/entity/sheep/sheep_hurt_animation/frame_6",
	  "texture_frame_7": "better_babies:item/entity/sheep/sheep_hurt_animation/frame_7",
	  "texture_armor": "better_babies:item/entity/sheep/sheep_hurt_fur"
	}
}