{
	"textures": {
		"0": "#texture",
		"particle": "#texture"
	},
	"elements": [
		{
			"name": "beak",
			"from": [3.5, -0.55, 3.925],
			"to": [4.5, 0.45, 4.925],
			"rotation": {"angle": 0, "axis": "z", "origin": [8, 0, 8]},
			"faces": {
				"north": {"uv": [3.5, 0.25, 3.75, 0.5], "rotation": 90, "texture": "#0"},
				"east": {"uv": [4, 0.25, 4.25, 0.5], "rotation": 270, "texture": "#0"},
				"south": {"uv": [3.75, 0, 4, 0.25], "rotation": 270, "texture": "#0"},
				"west": {"uv": [3.5, 0, 3.75, 0.25], "rotation": 270, "texture": "#0"},
				"up": {"uv": [3.25, 0.25, 3.5, 0.5], "rotation": 270, "texture": "#0"},
				"down": {"uv": [3.75, 0.25, 4, 0.5], "rotation": 270, "texture": "#0"}
			}
		},
		{
			"name": "head",
			"from": [1.475, -2.075, 4.925],
			"to": [5.025, 1.975, 7.925],
			"rotation": {"angle": 0, "axis": "z", "origin": [8, 0, 8]},
			"faces": {
				"north": {"uv": [0.75, 0.75, 1.75, 1.5], "rotation": 90, "texture": "#0"},
				"east": {"uv": [1.5, 0, 2.75, 0.5], "rotation": 270, "texture": "#0"},
				"south": {"uv": [2.5, 0.75, 3.25, 1.5], "rotation": 270, "texture": "#0"},
				"west": {"uv": [0.75, 0, 1.824, 0.75], "rotation": 270, "texture": "#0"},
				"up": {"uv": [0.25, 0.75, 1, 1.5], "rotation": 270, "texture": "#0"},
				"down": {"uv": [1.5, 0.75, 2.25, 1.5], "rotation": 270, "texture": "#0"}
			}
		},
		{
			"name": "body",
			"from": [2.725, -2.55, 6.775],
			"to": [6.95, 2.45, 11.1],
			"rotation": {"angle": 0, "axis": "z", "origin": [8, 0, 8]},
			"faces": {
				"north": {"uv": [3, 1.5, 4.5, 2.75], "rotation": 90, "texture": "#0"},
				"east": {"uv": [1.5, 3, 3.25, 4.5], "rotation": 270, "texture": "#0"},
				"south": {"uv": [1.5, 1.5, 3, 2.75], "rotation": 270, "texture": "#0"},
				"west": {"uv": [4.5, 3, 6, 4.25], "rotation": 270, "texture": "#0"},
				"up": {"uv": [3.25, 3, 4.5, 4.5], "rotation": 270, "texture": "#0"},
				"down": {"uv": [0, 3, 1.25, 4.5], "rotation": 270, "texture": "#0"}
			}
		},
		{
			"name": "feet",
			"from": [7.95, -1.55, 8.325],
			"to": [7.95, 1.45, 9.325],
			"rotation": {"angle": 0, "axis": "z", "origin": [8, 0, 8]},
			"faces": {
				"north": {"uv": [0, 0, 3, 0], "rotation": 90, "texture": "#0"},
				"east": {"uv": [4, 0.25, 4.75, 0.5], "rotation": 270, "texture": "#0"},
				"south": {"uv": [1.25, 0, 2, 0.25], "rotation": 270, "texture": "#0"},
				"west": {"uv": [4.5, 0.25, 5.25, 0.5], "rotation": 270, "texture": "#0"},
				"up": {"uv": [0, 0, 1, 0], "rotation": 270, "texture": "#0"},
				"down": {"uv": [0, 0, 1, 0], "rotation": 270, "texture": "#0"}
			}
		},
		{
			"name": "legs",
			"from": [6.95, -1.55, 9.325],
			"to": [7.95, 1.45, 9.325],
			"rotation": {"angle": 0, "axis": "z", "origin": [8, 0, 8]},
			"faces": {
				"north": {"uv": [4.5, 0, 5.25, 0.25], "rotation": 90, "texture": "#0"},
				"east": {"uv": [0, 0, 3, 0], "rotation": 270, "texture": "#0"},
				"south": {"uv": [4.5, 0, 5.25, 0.25], "rotation": 270, "texture": "#0"},
				"west": {"uv": [0, 0, 3, 0], "rotation": 270, "texture": "#0"},
				"up": {"uv": [0, 0, 0, 2], "rotation": 270, "texture": "#0"},
				"down": {"uv": [0, 0, 0, 2], "rotation": 270, "texture": "#0"}
			}
		}
	],
	"display": {
		"thirdperson_righthand": {
			"rotation": [75, 45, 0],
			"translation": [0, 2.5, 0],
			"scale": [0.375, 0.375, 0.375]
		},
		"firstperson_righthand": {
			"rotation": [0, 45, 0],
			"scale": [0.4, 0.4, 0.4]
		},
		"firstperson_lefthand": {
			"rotation": [0, 225, 0],
			"scale": [0.4, 0.4, 0.4]
		},
		"ground": {
			"translation": [0, 3, 0],
			"scale": [0.25, 0.25, 0.25]
		},
		"gui": {"rotation": [ 30, 225, 0 ],"translation": [ 0, 2, 0],"scale":[ 1, 1, 1 ]},
		"head": {
			"translation": [0, -39, 0],
			"scale": [2, 2, 2]
		},
		"fixed": {
			"scale": [0.5, 0.5, 0.5]
		}
	},
	"groups": [
		{
			"name": "chcken",
			"origin": [8, 8, 8],
			"color": 0,
			"children": [0, 1, 2, 3, 4]
		}
	]
}