{
	"textures": {
		"0": "#texture",
		"9": "better_babies:item/entity/llama/decor/trader_llama",
		"particle": "#texture"
	},
	"elements": [
		{
			"name": "leg_bl",
			"from": [4, -3, 10],
			"to": [8, -1, 12],
			"rotation": {"angle": 0, "axis": "z", "origin": [8, 0, 8]},
			"faces": {
				"north": {"uv": [0.75, 3.25, 1.5, 4.75], "rotation": 90, "texture": "#0"},
				"east": {"uv": [1.5, 2.5, 2.25, 3.25], "rotation": 270, "texture": "#0"},
				"south": {"uv": [2.25, 3.25, 3, 4.75], "rotation": 270, "texture": "#0"},
				"west": {"uv": [0.75, 2.5, 1.5, 3.25], "rotation": 270, "texture": "#0"},
				"up": {"uv": [0, 3.25, 0.75, 4.75], "rotation": 270, "texture": "#0"},
				"down": {"uv": [1.5, 3.25, 2.25, 4.75], "rotation": 270, "texture": "#0"}
			}
		},
		{
			"name": "leg_fl",
			"from": [4, -3, 5],
			"to": [8, -1, 7],
			"rotation": {"angle": 0, "axis": "z", "origin": [8, 0, 8]},
			"faces": {
				"north": {"uv": [0.75, 3.25, 1.5, 4.75], "rotation": 90, "texture": "#0"},
				"east": {"uv": [1.5, 2.5, 2.25, 3.25], "rotation": 270, "texture": "#0"},
				"south": {"uv": [2.25, 3.25, 3, 4.75], "rotation": 270, "texture": "#0"},
				"west": {"uv": [0.75, 2.5, 1.5, 3.25], "rotation": 270, "texture": "#0"},
				"up": {"uv": [0, 3.25, 0.75, 4.75], "rotation": 270, "texture": "#0"},
				"down": {"uv": [1.5, 3.25, 2.25, 4.75], "rotation": 270, "texture": "#0"}
			}
		},
		{
			"name": "head",
			"from": [-5.75, -2.5, 3.5],
			"to": [1.25, 2.5, 7.25],
			"rotation": {"angle": 0, "axis": "z", "origin": [8, 0, 8]},
			"faces": {
				"north": {"uv": [12.5, 1.25, 13.75, 3.25], "rotation": 90, "texture": "#0"},
				"east": {"uv": [13.75, 0.25, 15, 1.25], "rotation": 270, "texture": "#0"},
				"south": {"uv": [14.75, 1.25, 16, 3.25], "rotation": 270, "texture": "#0"},
				"west": {"uv": [12.5, 0.25, 13.75, 1.25], "rotation": 90, "texture": "#0"},
				"up": {"uv": [11.5, 1.25, 12.5, 3.25], "rotation": 270, "texture": "#0"},
				"down": {"uv": [13.75, 1.25, 14.75, 3.25], "rotation": 270, "texture": "#0"}
			}
		},
		{
			"name": "saddle_head",
			"from": [-6, -2.75, 3.25],
			"to": [1.5, 2.75, 7.5],
			"rotation": {"angle": 0, "axis": "z", "origin": [8, 0, 8]},
			"faces": {
				"north": {"uv": [2, 2, 4.5, 6], "rotation": 90, "texture": "#9"},
				"east": {"uv": [4.5, 0, 7, 2], "rotation": 270, "texture": "#9"},
				"south": {"uv": [6.5, 2, 9, 6], "rotation": 270, "texture": "#9"},
				"west": {"uv": [2, 0, 4.5, 2], "rotation": 270, "texture": "#9"},
				"up": {"uv": [0, 2, 2, 6], "rotation": 270, "texture": "#9"},
				"down": {"uv": [4.5, 2, 6.5, 6], "rotation": 270, "texture": "#9"}
			}
		},
		{
			"name": "saddle_body",
			"from": [-1.25, -3.25, 4.75],
			"to": [4.25, 3.25, 12.25],
			"rotation": {"angle": 0, "axis": "z", "origin": [8, 0, 8]},
			"faces": {
				"north": {"uv": [4, 13.5, 7, 16], "rotation": 90, "texture": "#9"},
				"east": {"uv": [7, 9.5, 10, 13.5], "rotation": 270, "texture": "#9"},
				"south": {"uv": [11, 13.5, 14, 16], "rotation": 270, "texture": "#9"},
				"west": {"uv": [4, 9.5, 7, 13.5], "rotation": 270, "texture": "#9"},
				"up": {"uv": [0, 13.5, 4, 16], "rotation": 270, "texture": "#9"},
				"down": {"uv": [7, 13.5, 11, 16], "rotation": 270, "texture": "#9"}
			}
		},
		{
			"name": "ear_1",
			"from": [-7, 0.75, 4.5],
			"to": [-5.75, 2.5, 5.75],
			"rotation": {"angle": 0, "axis": "z", "origin": [8, 0, 8]},
			"faces": {
				"north": {"uv": [4, 0.5, 4.5, 1], "rotation": 90, "texture": "#0"},
				"east": {"uv": [4.5, 0.25, 5, 0.5], "rotation": 270, "texture": "#0"},
				"south": {"uv": [4.75, 0.5, 5.25, 1], "rotation": 270, "texture": "#0"},
				"west": {"uv": [4, 0.25, 4.5, 0.5], "rotation": 270, "texture": "#0"},
				"up": {"uv": [3.75, 0.5, 4, 1], "rotation": 270, "texture": "#0"},
				"down": {"uv": [4.5, 0.5, 4.75, 1], "rotation": 270, "texture": "#0"}
			}
		},
		{
			"name": "ear_2",
			"from": [-7, -2.5, 4.5],
			"to": [-5.75, -0.75, 5.75],
			"rotation": {"angle": 0, "axis": "z", "origin": [8, 0, 8]},
			"faces": {
				"north": {"uv": [4.5, 1.5, 5, 2], "rotation": 90, "texture": "#0"},
				"east": {"uv": [4, 1.25, 4.5, 1.5], "rotation": 270, "texture": "#0"},
				"south": {"uv": [3.75, 1.5, 4.25, 2], "rotation": 270, "texture": "#0"},
				"west": {"uv": [4.5, 1.25, 5, 1.5], "rotation": 270, "texture": "#0"},
				"up": {"uv": [4.25, 1.5, 4.5, 2], "rotation": 270, "texture": "#0"},
				"down": {"uv": [5, 1.5, 5.25, 2], "rotation": 270, "texture": "#0"}
			}
		},
		{
			"name": "snout",
			"from": [-4, -1.5, 2],
			"to": [-2, 1.5, 3.5],
			"rotation": {"angle": 0, "axis": "z", "origin": [8, 0, 8]},
			"faces": {
				"north": {"uv": [0.5, 1, 1.25, 1.75], "rotation": 90, "texture": "#0"},
				"east": {"uv": [1.25, 0.5, 2, 1], "rotation": 270, "texture": "#0"},
				"south": {"uv": [1.75, 1, 2.5, 1.75], "rotation": 270, "texture": "#0"},
				"west": {"uv": [0.5, 0.5, 1.25, 1], "rotation": 270, "texture": "#0"},
				"up": {"uv": [0, 1, 0.5, 1.75], "rotation": 270, "texture": "#0"},
				"down": {"uv": [1.25, 1, 1.75, 1.75], "rotation": 270, "texture": "#0"}
			}
		},
		{
			"name": "body",
			"from": [-1, -3, 5],
			"to": [4, 3, 12],
			"rotation": {"angle": 0, "axis": "z", "origin": [8, 0, 8]},
			"faces": {
				"north": {"uv": [9.5, 2.75, 11, 4], "rotation": 90, "texture": "#0"},
				"east": {"uv": [7.5, 0.75, 9, 2.75], "rotation": 270, "texture": "#0"},
				"south": {"uv": [6, 2.75, 7.5, 4], "rotation": 270, "texture": "#0"},
				"west": {"uv": [6, 0.75, 7.5, 2.75], "rotation": 270, "texture": "#0"},
				"up": {"uv": [4, 2.75, 6, 4], "rotation": 270, "texture": "#0"},
				"down": {"uv": [7.5, 2.75, 9.5, 4], "rotation": 270, "texture": "#0"}
			}
		},
		{
			"name": "leg_br",
			"from": [4, 1, 10],
			"to": [8, 3, 12],
			"rotation": {"angle": 0, "axis": "z", "origin": [8, 0, 8]},
			"faces": {
				"north": {"uv": [0.75, 3.25, 1.5, 4.75], "rotation": 90, "texture": "#0"},
				"east": {"uv": [1.5, 2.5, 2.25, 3.25], "rotation": 270, "texture": "#0"},
				"south": {"uv": [2.25, 3.25, 3, 4.75], "rotation": 270, "texture": "#0"},
				"west": {"uv": [0.75, 2.5, 1.5, 3.25], "rotation": 270, "texture": "#0"},
				"up": {"uv": [0, 3.25, 0.75, 4.75], "rotation": 270, "texture": "#0"},
				"down": {"uv": [1.5, 3.25, 2.25, 4.75], "rotation": 270, "texture": "#0"}
			}
		},
		{
			"name": "leg_fr",
			"from": [4, 1, 5],
			"to": [8, 3, 7],
			"rotation": {"angle": 0, "axis": "z", "origin": [8, 0, 8]},
			"faces": {
				"north": {"uv": [0.75, 3.25, 1.5, 4.75], "rotation": 90, "texture": "#0"},
				"east": {"uv": [1.5, 2.5, 2.25, 3.25], "rotation": 270, "texture": "#0"},
				"south": {"uv": [2.25, 3.25, 3, 4.75], "rotation": 270, "texture": "#0"},
				"west": {"uv": [0.75, 2.5, 1.5, 3.25], "rotation": 270, "texture": "#0"},
				"up": {"uv": [0, 3.25, 0.75, 4.75], "rotation": 270, "texture": "#0"},
				"down": {"uv": [1.5, 3.25, 2.25, 4.75], "rotation": 270, "texture": "#0"}
			}
		}
	],
	"display": {
		"thirdperson_righthand": {
			"rotation": [75, 45, 0],
			"translation": [0, 2.5, 0],
			"scale": [0.375, 0.375, 0.375]
		},
		"firstperson_righthand": {
			"rotation": [0, 45, 0],
			"scale": [0.4, 0.4, 0.4]
		},
		"firstperson_lefthand": {
			"rotation": [0, 225, 0],
			"scale": [0.4, 0.4, 0.4]
		},
		"ground": {
			"translation": [0, 3, 0],
			"scale": [0.25, 0.25, 0.25]
		},
		"gui": {"rotation": [ 30, 225, 0 ],"translation": [ 0, 2, 0],"scale":[ 1, 1, 1 ]},
		"head": {
			"translation": [0, -35, 0],
			"scale": [2.5, 2.5, 2.5]
		},
		"fixed": {
			"scale": [0.5, 0.5, 0.5]
		}
	},
	"groups": [
		0,
		1,
		{
			"name": "llama",
			"origin": [8, 8, 8],
			"color": 0,
			"children": [2, 3, 4, 5, 6, 7, 8, 9, 10]
		}
	]
}