{
	"textures": {
		"0": "#texture_body",
		"1": "#texture_frame_0",
		"2": "#texture_frame_1",
		"3": "#texture_frame_2",
		"4": "#texture_frame_3",
		"5": "#texture_frame_4",
		"6": "#texture_frame_5",
		"7": "#texture_frame_6",
		"8": "#texture_frame_7",
		"particle": "#texture_body"
	},
	"elements": [
		{
			"name": "ear_l",
			"from": [5.5, 6, 2.5],
			"to": [7, 7, 3.25],
			"rotation": {"angle": 0, "axis": "x", "origin": [6.25, 5.75, 3]},
			"faces": {
				"north": {"uv": [4, 3, 3.5, 3.5], "texture": "#0"},
				"east": {"uv": [3.25, 3, 3.5, 3.5], "texture": "#0"},
				"south": {"uv": [4.25, 3, 4.75, 3.5], "texture": "#0"},
				"west": {"uv": [4, 3, 4.25, 3.5], "texture": "#0"},
				"up": {"uv": [3.5, 2.75, 4, 3], "texture": "#0"},
				"down": {"uv": [4, 2.75, 4.5, 3], "texture": "#0"}
			}
		},
		{
			"name": "ear_r",
			"from": [9, 6, 2.5],
			"to": [10.5, 7, 3.25],
			"rotation": {"angle": 0, "axis": "x", "origin": [9.75, 6, 2.75]},
			"faces": {
				"north": {"uv": [3.5, 3, 4, 3.5], "texture": "#0"},
				"east": {"uv": [3.25, 3, 3.5, 3.5], "texture": "#0"},
				"south": {"uv": [4.25, 3, 4.75, 3.5], "texture": "#0"},
				"west": {"uv": [4, 3, 4.25, 3.5], "texture": "#0"},
				"up": {"uv": [3.5, 2.75, 4, 3], "texture": "#0"},
				"down": {"uv": [4, 2.75, 4.5, 3], "texture": "#0"}
			}
		},
		{
			"name": "head",
			"from": [5.5, 2.25, 1.75],
			"to": [10.5, 6, 5.25],
			"rotation": {"angle": 0, "axis": "x", "origin": [8, 3.25, 5]},
			"faces": {
				"north": {"uv": [1, 1, 2.5, 2.25], "texture": "#0"},
				"east": {"uv": [0, 1, 1, 2.25], "texture": "#0"},
				"south": {"uv": [3.5, 1, 5, 2.25], "texture": "#0"},
				"west": {"uv": [2.5, 1, 3.5, 2.25], "texture": "#0"},
				"up": {"uv": [1, 0, 2.5, 1], "texture": "#0"},
				"down": {"uv": [2.5, 0, 4, 1], "texture": "#0"}
			}
		},
		{
			"name": "snout",
			"from": [6.5, 2.5, 0.25],
			"to": [9.5, 4, 1.75],
			"rotation": {"angle": 0, "axis": "x", "origin": [8, 3.25, 2]},
			"faces": {
				"north": {"uv": [0.75, 2.75, 1.75, 3.25], "texture": "#0"},
				"east": {"uv": [0.25, 2.75, 0.75, 3.25], "texture": "#0"},
				"south": {"uv": [2.25, 2.75, 3.25, 3.25], "texture": "#0"},
				"west": {"uv": [1.75, 2.75, 2.25, 3.25], "texture": "#0"},
				"up": {"uv": [0.75, 2.25, 1.75, 2.75], "rotation": 180, "texture": "#0"},
				"down": {"uv": [1.75, 2.25, 2.75, 2.75], "texture": "#0"}
			}
		},
		{
			"name": "body",
			"from": [5.75, 2.75, 5.25],
			"to": [10.25, 6.25, 11.5],
			"rotation": {"angle": 0, "axis": "y", "origin": [8, 4.75, 10]},
			"faces": {
				"north": {"uv": [5.75, 3, 7.25, 4.25], "texture": "#0"},
				"east": {"uv": [4.5, 4.25, 5.75, 6.25], "rotation": 90, "texture": "#0"},
				"south": {"uv": [7.25, 3, 8.75, 4.25], "texture": "#0"},
				"west": {"uv": [7.25, 4.25, 8.5, 6.25], "rotation": 270, "texture": "#0"},
				"up": {"uv": [8.5, 4.25, 10, 6.25], "texture": "#0"},
				"down": {"uv": [5.75, 4.25, 7.25, 6.25], "rotation": 180, "texture": "#0"}
			}
		},
		{
			"name": "frame_0",
			"from": [6, 0, 9.5],
			"to": [7.5, 3, 11],
			"rotation": {"angle": 22.5, "axis": "x", "origin": [6.75, 2.75, 10.25]},
			"faces": {
				"north": {"uv": [0.5, 4.25, 1, 5.5], "texture": "#1"},
				"east": {"uv": [0, 4.25, 0.5, 5.5], "texture": "#1"},
				"south": {"uv": [1.5, 4.25, 2, 5.5], "texture": "#1"},
				"west": {"uv": [1, 4.25, 1.5, 5.5], "texture": "#1"},
				"up": {"uv": [0.5, 3.75, 1, 4.25], "texture": "#1"},
				"down": {"uv": [1, 3.75, 1.5, 4.25], "texture": "#1"}
			}
		},
		{
			"name": "frame_1",
			"from": [6, 0, 9.5],
			"to": [7.5, 3, 11],
			"rotation": {"angle": 45, "axis": "x", "origin": [6.75, 2.75, 10.25]},
			"faces": {
				"north": {"uv": [0.5, 4.25, 1, 5.5], "texture": "#2"},
				"east": {"uv": [0, 4.25, 0.5, 5.5], "texture": "#2"},
				"south": {"uv": [1.5, 4.25, 2, 5.5], "texture": "#2"},
				"west": {"uv": [1, 4.25, 1.5, 5.5], "texture": "#2"},
				"up": {"uv": [0.5, 3.75, 1, 4.25], "texture": "#2"},
				"down": {"uv": [1, 3.75, 1.5, 4.25], "texture": "#2"}
			}
		},
		{
			"name": "frame_2",
			"from": [6, 0, 9.5],
			"to": [7.5, 3, 11],
			"rotation": {"angle": 22.5, "axis": "x", "origin": [6.75, 2.75, 10.25]},
			"faces": {
				"north": {"uv": [0.5, 4.25, 1, 5.5], "texture": "#3"},
				"east": {"uv": [0, 4.25, 0.5, 5.5], "texture": "#3"},
				"south": {"uv": [1.5, 4.25, 2, 5.5], "texture": "#3"},
				"west": {"uv": [1, 4.25, 1.5, 5.5], "texture": "#3"},
				"up": {"uv": [0.5, 3.75, 1, 4.25], "texture": "#3"},
				"down": {"uv": [1, 3.75, 1.5, 4.25], "texture": "#3"}
			}
		},
		{
			"name": "frame_3",
			"from": [6, 0, 9.5],
			"to": [7.5, 3, 11],
			"rotation": {"angle": 0, "axis": "x", "origin": [6.75, 2.75, 10.25]},
			"faces": {
				"north": {"uv": [0.5, 4.25, 1, 5.5], "texture": "#4"},
				"east": {"uv": [0, 4.25, 0.5, 5.5], "texture": "#4"},
				"south": {"uv": [1.5, 4.25, 2, 5.5], "texture": "#4"},
				"west": {"uv": [1, 4.25, 1.5, 5.5], "texture": "#4"},
				"up": {"uv": [0.5, 3.75, 1, 4.25], "texture": "#4"},
				"down": {"uv": [1, 3.75, 1.5, 4.25], "texture": "#4"}
			}
		},
		{
			"name": "frame_4",
			"from": [6, 0, 9.5],
			"to": [7.5, 3, 11],
			"rotation": {"angle": -22.5, "axis": "x", "origin": [6.75, 2.75, 10.25]},
			"faces": {
				"north": {"uv": [0.5, 4.25, 1, 5.5], "texture": "#5"},
				"east": {"uv": [0, 4.25, 0.5, 5.5], "texture": "#5"},
				"south": {"uv": [1.5, 4.25, 2, 5.5], "texture": "#5"},
				"west": {"uv": [1, 4.25, 1.5, 5.5], "texture": "#5"},
				"up": {"uv": [0.5, 3.75, 1, 4.25], "texture": "#5"},
				"down": {"uv": [1, 3.75, 1.5, 4.25], "texture": "#5"}
			}
		},
		{
			"name": "frame_5",
			"from": [6, 0, 9.5],
			"to": [7.5, 3, 11],
			"rotation": {"angle": -45, "axis": "x", "origin": [6.75, 2.75, 10.25]},
			"faces": {
				"north": {"uv": [0.5, 4.25, 1, 5.5], "texture": "#6"},
				"east": {"uv": [0, 4.25, 0.5, 5.5], "texture": "#6"},
				"south": {"uv": [1.5, 4.25, 2, 5.5], "texture": "#6"},
				"west": {"uv": [1, 4.25, 1.5, 5.5], "texture": "#6"},
				"up": {"uv": [0.5, 3.75, 1, 4.25], "texture": "#6"},
				"down": {"uv": [1, 3.75, 1.5, 4.25], "texture": "#6"}
			}
		},
		{
			"name": "frame_6",
			"from": [6, 0, 9.5],
			"to": [7.5, 3, 11],
			"rotation": {"angle": -22.5, "axis": "x", "origin": [6.75, 2.75, 10.25]},
			"faces": {
				"north": {"uv": [0.5, 4.25, 1, 5.5], "texture": "#7"},
				"east": {"uv": [0, 4.25, 0.5, 5.5], "texture": "#7"},
				"south": {"uv": [1.5, 4.25, 2, 5.5], "texture": "#7"},
				"west": {"uv": [1, 4.25, 1.5, 5.5], "texture": "#7"},
				"up": {"uv": [0.5, 3.75, 1, 4.25], "texture": "#7"},
				"down": {"uv": [1, 3.75, 1.5, 4.25], "texture": "#7"}
			}
		},
		{
			"name": "frame_7",
			"from": [6, 0, 9.5],
			"to": [7.5, 3, 11],
			"rotation": {"angle": 0, "axis": "x", "origin": [6.75, 2.75, 10.25]},
			"faces": {
				"north": {"uv": [0.5, 4.25, 1, 5.5], "texture": "#8"},
				"east": {"uv": [0, 4.25, 0.5, 5.5], "texture": "#8"},
				"south": {"uv": [1.5, 4.25, 2, 5.5], "texture": "#8"},
				"west": {"uv": [1, 4.25, 1.5, 5.5], "texture": "#8"},
				"up": {"uv": [0.5, 3.75, 1, 4.25], "texture": "#8"},
				"down": {"uv": [1, 3.75, 1.5, 4.25], "texture": "#8"}
			}
		},
		{
			"name": "frame_0",
			"from": [8.5, 0, 9.5],
			"to": [10, 3, 11],
			"rotation": {"angle": -22.5, "axis": "x", "origin": [9.25, 2.75, 10.25]},
			"faces": {
				"north": {"uv": [0.5, 4.25, 1, 5.5], "texture": "#1"},
				"east": {"uv": [0, 4.25, 0.5, 5.5], "texture": "#1"},
				"south": {"uv": [1.5, 4.25, 2, 5.5], "texture": "#1"},
				"west": {"uv": [1, 4.25, 1.5, 5.5], "texture": "#1"},
				"up": {"uv": [0.5, 3.75, 1, 4.25], "texture": "#1"},
				"down": {"uv": [1, 3.75, 1.5, 4.25], "texture": "#1"}
			}
		},
		{
			"name": "frame_1",
			"from": [8.5, 0, 9.5],
			"to": [10, 3, 11],
			"rotation": {"angle": -45, "axis": "x", "origin": [9.25, 2.75, 10.25]},
			"faces": {
				"north": {"uv": [0.5, 4.25, 1, 5.5], "texture": "#2"},
				"east": {"uv": [0, 4.25, 0.5, 5.5], "texture": "#2"},
				"south": {"uv": [1.5, 4.25, 2, 5.5], "texture": "#2"},
				"west": {"uv": [1, 4.25, 1.5, 5.5], "texture": "#2"},
				"up": {"uv": [0.5, 3.75, 1, 4.25], "texture": "#2"},
				"down": {"uv": [1, 3.75, 1.5, 4.25], "texture": "#2"}
			}
		},
		{
			"name": "frame_2",
			"from": [8.5, 0, 9.5],
			"to": [10, 3, 11],
			"rotation": {"angle": -22.5, "axis": "x", "origin": [9.25, 2.75, 10.25]},
			"faces": {
				"north": {"uv": [0.5, 4.25, 1, 5.5], "texture": "#3"},
				"east": {"uv": [0, 4.25, 0.5, 5.5], "texture": "#3"},
				"south": {"uv": [1.5, 4.25, 2, 5.5], "texture": "#3"},
				"west": {"uv": [1, 4.25, 1.5, 5.5], "texture": "#3"},
				"up": {"uv": [0.5, 3.75, 1, 4.25], "texture": "#3"},
				"down": {"uv": [1, 3.75, 1.5, 4.25], "texture": "#3"}
			}
		},
		{
			"name": "frame_3",
			"from": [8.5, 0, 9.5],
			"to": [10, 3, 11],
			"rotation": {"angle": 0, "axis": "x", "origin": [9.25, 2.75, 10.25]},
			"faces": {
				"north": {"uv": [0.5, 4.25, 1, 5.5], "texture": "#4"},
				"east": {"uv": [0, 4.25, 0.5, 5.5], "texture": "#4"},
				"south": {"uv": [1.5, 4.25, 2, 5.5], "texture": "#4"},
				"west": {"uv": [1, 4.25, 1.5, 5.5], "texture": "#4"},
				"up": {"uv": [0.5, 3.75, 1, 4.25], "texture": "#4"},
				"down": {"uv": [1, 3.75, 1.5, 4.25], "texture": "#4"}
			}
		},
		{
			"name": "frame_4",
			"from": [8.5, 0, 9.5],
			"to": [10, 3, 11],
			"rotation": {"angle": 22.5, "axis": "x", "origin": [9.25, 2.75, 10.25]},
			"faces": {
				"north": {"uv": [0.5, 4.25, 1, 5.5], "texture": "#5"},
				"east": {"uv": [0, 4.25, 0.5, 5.5], "texture": "#5"},
				"south": {"uv": [1.5, 4.25, 2, 5.5], "texture": "#5"},
				"west": {"uv": [1, 4.25, 1.5, 5.5], "texture": "#5"},
				"up": {"uv": [0.5, 3.75, 1, 4.25], "texture": "#5"},
				"down": {"uv": [1, 3.75, 1.5, 4.25], "texture": "#5"}
			}
		},
		{
			"name": "frame_5",
			"from": [8.5, 0, 9.5],
			"to": [10, 3, 11],
			"rotation": {"angle": 45, "axis": "x", "origin": [9.25, 2.75, 10.25]},
			"faces": {
				"north": {"uv": [0.5, 4.25, 1, 5.5], "texture": "#6"},
				"east": {"uv": [0, 4.25, 0.5, 5.5], "texture": "#6"},
				"south": {"uv": [1.5, 4.25, 2, 5.5], "texture": "#6"},
				"west": {"uv": [1, 4.25, 1.5, 5.5], "texture": "#6"},
				"up": {"uv": [0.5, 3.75, 1, 4.25], "texture": "#6"},
				"down": {"uv": [1, 3.75, 1.5, 4.25], "texture": "#6"}
			}
		},
		{
			"name": "frame_6",
			"from": [8.5, 0, 9.5],
			"to": [10, 3, 11],
			"rotation": {"angle": 22.5, "axis": "x", "origin": [9.25, 2.75, 10.25]},
			"faces": {
				"north": {"uv": [0.5, 4.25, 1, 5.5], "texture": "#7"},
				"east": {"uv": [0, 4.25, 0.5, 5.5], "texture": "#7"},
				"south": {"uv": [1.5, 4.25, 2, 5.5], "texture": "#7"},
				"west": {"uv": [1, 4.25, 1.5, 5.5], "texture": "#7"},
				"up": {"uv": [0.5, 3.75, 1, 4.25], "texture": "#7"},
				"down": {"uv": [1, 3.75, 1.5, 4.25], "texture": "#7"}
			}
		},
		{
			"name": "frame_7",
			"from": [8.5, 0, 9.5],
			"to": [10, 3, 11],
			"rotation": {"angle": 0, "axis": "x", "origin": [9.25, 2.75, 10.25]},
			"faces": {
				"north": {"uv": [0.5, 4.25, 1, 5.5], "texture": "#8"},
				"east": {"uv": [0, 4.25, 0.5, 5.5], "texture": "#8"},
				"south": {"uv": [1.5, 4.25, 2, 5.5], "texture": "#8"},
				"west": {"uv": [1, 4.25, 1.5, 5.5], "texture": "#8"},
				"up": {"uv": [0.5, 3.75, 1, 4.25], "texture": "#8"},
				"down": {"uv": [1, 3.75, 1.5, 4.25], "texture": "#8"}
			}
		},
		{
			"name": "frame_0",
			"from": [6, 0, 5.25],
			"to": [7.5, 3, 6.75],
			"rotation": {"angle": -22.5, "axis": "x", "origin": [6.75, 2.75, 6]},
			"faces": {
				"north": {"uv": [0.5, 4.25, 1, 5.5], "texture": "#1"},
				"east": {"uv": [0, 4.25, 0.5, 5.5], "texture": "#1"},
				"south": {"uv": [1.5, 4.25, 2, 5.5], "texture": "#1"},
				"west": {"uv": [1, 4.25, 1.5, 5.5], "texture": "#1"},
				"up": {"uv": [0.5, 3.75, 1, 4.25], "texture": "#1"},
				"down": {"uv": [1, 3.75, 1.5, 4.25], "texture": "#1"}
			}
		},
		{
			"name": "frame_1",
			"from": [6, 0, 5.25],
			"to": [7.5, 3, 6.75],
			"rotation": {"angle": -45, "axis": "x", "origin": [6.75, 2.75, 6]},
			"faces": {
				"north": {"uv": [0.5, 4.25, 1, 5.5], "texture": "#2"},
				"east": {"uv": [0, 4.25, 0.5, 5.5], "texture": "#2"},
				"south": {"uv": [1.5, 4.25, 2, 5.5], "texture": "#2"},
				"west": {"uv": [1, 4.25, 1.5, 5.5], "texture": "#2"},
				"up": {"uv": [0.5, 3.75, 1, 4.25], "texture": "#2"},
				"down": {"uv": [1, 3.75, 1.5, 4.25], "texture": "#2"}
			}
		},
		{
			"name": "frame_2",
			"from": [6, 0, 5.25],
			"to": [7.5, 3, 6.75],
			"rotation": {"angle": -22.5, "axis": "x", "origin": [6.75, 2.75, 6]},
			"faces": {
				"north": {"uv": [0.5, 4.25, 1, 5.5], "texture": "#6"},
				"east": {"uv": [0, 4.25, 0.5, 5.5], "texture": "#6"},
				"south": {"uv": [1.5, 4.25, 2, 5.5], "texture": "#6"},
				"west": {"uv": [1, 4.25, 1.5, 5.5], "texture": "#6"},
				"up": {"uv": [0.5, 3.75, 1, 4.25], "texture": "#6"},
				"down": {"uv": [1, 3.75, 1.5, 4.25], "texture": "#6"}
			}
		},
		{
			"name": "frame_3",
			"from": [6, 0, 5.25],
			"to": [7.5, 3, 6.75],
			"rotation": {"angle": 0, "axis": "x", "origin": [6.75, 2.75, 6]},
			"faces": {
				"north": {"uv": [0.5, 4.25, 1, 5.5], "texture": "#4"},
				"east": {"uv": [0, 4.25, 0.5, 5.5], "texture": "#4"},
				"south": {"uv": [1.5, 4.25, 2, 5.5], "texture": "#4"},
				"west": {"uv": [1, 4.25, 1.5, 5.5], "texture": "#4"},
				"up": {"uv": [0.5, 3.75, 1, 4.25], "texture": "#4"},
				"down": {"uv": [1, 3.75, 1.5, 4.25], "texture": "#4"}
			}
		},
		{
			"name": "frame_4",
			"from": [6, 0, 5.25],
			"to": [7.5, 3, 6.75],
			"rotation": {"angle": 22.5, "axis": "x", "origin": [6.75, 2.75, 6]},
			"faces": {
				"north": {"uv": [0.5, 4.25, 1, 5.5], "texture": "#5"},
				"east": {"uv": [0, 4.25, 0.5, 5.5], "texture": "#5"},
				"south": {"uv": [1.5, 4.25, 2, 5.5], "texture": "#5"},
				"west": {"uv": [1, 4.25, 1.5, 5.5], "texture": "#5"},
				"up": {"uv": [0.5, 3.75, 1, 4.25], "texture": "#5"},
				"down": {"uv": [1, 3.75, 1.5, 4.25], "texture": "#5"}
			}
		},
		{
			"name": "frame_5",
			"from": [6, 0, 5.25],
			"to": [7.5, 3, 6.75],
			"rotation": {"angle": 45, "axis": "x", "origin": [6.75, 2.75, 6]},
			"faces": {
				"north": {"uv": [0.5, 4.25, 1, 5.5], "texture": "#6"},
				"east": {"uv": [0, 4.25, 0.5, 5.5], "texture": "#6"},
				"south": {"uv": [1.5, 4.25, 2, 5.5], "texture": "#6"},
				"west": {"uv": [1, 4.25, 1.5, 5.5], "texture": "#6"},
				"up": {"uv": [0.5, 3.75, 1, 4.25], "texture": "#6"},
				"down": {"uv": [1, 3.75, 1.5, 4.25], "texture": "#6"}
			}
		},
		{
			"name": "frame_6",
			"from": [6, 0, 5.25],
			"to": [7.5, 3, 6.75],
			"rotation": {"angle": 22.5, "axis": "x", "origin": [6.75, 2.75, 6]},
			"faces": {
				"north": {"uv": [0.5, 4.25, 1, 5.5], "texture": "#7"},
				"east": {"uv": [0, 4.25, 0.5, 5.5], "texture": "#7"},
				"south": {"uv": [1.5, 4.25, 2, 5.5], "texture": "#7"},
				"west": {"uv": [1, 4.25, 1.5, 5.5], "texture": "#7"},
				"up": {"uv": [0.5, 3.75, 1, 4.25], "texture": "#7"},
				"down": {"uv": [1, 3.75, 1.5, 4.25], "texture": "#7"}
			}
		},
		{
			"name": "frame_7",
			"from": [6, 0, 5.25],
			"to": [7.5, 3, 6.75],
			"rotation": {"angle": 0, "axis": "x", "origin": [6.75, 2.75, 6]},
			"faces": {
				"north": {"uv": [0.5, 4.25, 1, 5.5], "texture": "#8"},
				"east": {"uv": [0, 4.25, 0.5, 5.5], "texture": "#8"},
				"south": {"uv": [1.5, 4.25, 2, 5.5], "texture": "#8"},
				"west": {"uv": [1, 4.25, 1.5, 5.5], "texture": "#8"},
				"up": {"uv": [0.5, 3.75, 1, 4.25], "texture": "#8"},
				"down": {"uv": [1, 3.75, 1.5, 4.25], "texture": "#8"}
			}
		},
		{
			"name": "frame_0",
			"from": [8.5, 0, 5.25],
			"to": [10, 3, 6.75],
			"rotation": {"angle": 22.5, "axis": "x", "origin": [9.25, 2.75, 6]},
			"faces": {
				"north": {"uv": [0.5, 4.25, 1, 5.5], "texture": "#1"},
				"east": {"uv": [0, 4.25, 0.5, 5.5], "texture": "#1"},
				"south": {"uv": [1.5, 4.25, 2, 5.5], "texture": "#1"},
				"west": {"uv": [1, 4.25, 1.5, 5.5], "texture": "#1"},
				"up": {"uv": [0.5, 3.75, 1, 4.25], "texture": "#1"},
				"down": {"uv": [1, 3.75, 1.5, 4.25], "texture": "#1"}
			}
		},
		{
			"name": "frame_1",
			"from": [8.5, 0, 5.25],
			"to": [10, 3, 6.75],
			"rotation": {"angle": 45, "axis": "x", "origin": [9.25, 2.75, 6]},
			"faces": {
				"north": {"uv": [0.5, 4.25, 1, 5.5], "texture": "#2"},
				"east": {"uv": [0, 4.25, 0.5, 5.5], "texture": "#2"},
				"south": {"uv": [1.5, 4.25, 2, 5.5], "texture": "#2"},
				"west": {"uv": [1, 4.25, 1.5, 5.5], "texture": "#2"},
				"up": {"uv": [0.5, 3.75, 1, 4.25], "texture": "#2"},
				"down": {"uv": [1, 3.75, 1.5, 4.25], "texture": "#2"}
			}
		},
		{
			"name": "frame_2",
			"from": [8.5, 0, 5.25],
			"to": [10, 3, 6.75],
			"rotation": {"angle": 22.5, "axis": "x", "origin": [9.25, 2.75, 6]},
			"faces": {
				"north": {"uv": [0.5, 4.25, 1, 5.5], "texture": "#3"},
				"east": {"uv": [0, 4.25, 0.5, 5.5], "texture": "#3"},
				"south": {"uv": [1.5, 4.25, 2, 5.5], "texture": "#3"},
				"west": {"uv": [1, 4.25, 1.5, 5.5], "texture": "#3"},
				"up": {"uv": [0.5, 3.75, 1, 4.25], "texture": "#3"},
				"down": {"uv": [1, 3.75, 1.5, 4.25], "texture": "#3"}
			}
		},
		{
			"name": "frame_3",
			"from": [8.5, 0, 5.25],
			"to": [10, 3, 6.75],
			"rotation": {"angle": 0, "axis": "x", "origin": [9.25, 2.75, 6]},
			"faces": {
				"north": {"uv": [0.5, 4.25, 1, 5.5], "texture": "#4"},
				"east": {"uv": [0, 4.25, 0.5, 5.5], "texture": "#4"},
				"south": {"uv": [1.5, 4.25, 2, 5.5], "texture": "#4"},
				"west": {"uv": [1, 4.25, 1.5, 5.5], "texture": "#4"},
				"up": {"uv": [0.5, 3.75, 1, 4.25], "texture": "#4"},
				"down": {"uv": [1, 3.75, 1.5, 4.25], "texture": "#4"}
			}
		},
		{
			"name": "frame_4",
			"from": [8.5, 0, 5.25],
			"to": [10, 3, 6.75],
			"rotation": {"angle": -22.5, "axis": "x", "origin": [9.25, 2.75, 6]},
			"faces": {
				"north": {"uv": [0.5, 4.25, 1, 5.5], "texture": "#5"},
				"east": {"uv": [0, 4.25, 0.5, 5.5], "texture": "#5"},
				"south": {"uv": [1.5, 4.25, 2, 5.5], "texture": "#5"},
				"west": {"uv": [1, 4.25, 1.5, 5.5], "texture": "#5"},
				"up": {"uv": [0.5, 3.75, 1, 4.25], "texture": "#5"},
				"down": {"uv": [1, 3.75, 1.5, 4.25], "texture": "#5"}
			}
		},
		{
			"name": "frame_5",
			"from": [8.5, 0, 5.25],
			"to": [10, 3, 6.75],
			"rotation": {"angle": -45, "axis": "x", "origin": [9.25, 2.75, 6]},
			"faces": {
				"north": {"uv": [0.5, 4.25, 1, 5.5], "texture": "#6"},
				"east": {"uv": [0, 4.25, 0.5, 5.5], "texture": "#6"},
				"south": {"uv": [1.5, 4.25, 2, 5.5], "texture": "#6"},
				"west": {"uv": [1, 4.25, 1.5, 5.5], "texture": "#6"},
				"up": {"uv": [0.5, 3.75, 1, 4.25], "texture": "#6"},
				"down": {"uv": [1, 3.75, 1.5, 4.25], "texture": "#6"}
			}
		},
		{
			"name": "frame_6",
			"from": [8.5, 0, 5.25],
			"to": [10, 3, 6.75],
			"rotation": {"angle": -22.5, "axis": "x", "origin": [9.25, 2.75, 6]},
			"faces": {
				"north": {"uv": [0.5, 4.25, 1, 5.5], "texture": "#7"},
				"east": {"uv": [0, 4.25, 0.5, 5.5], "texture": "#7"},
				"south": {"uv": [1.5, 4.25, 2, 5.5], "texture": "#7"},
				"west": {"uv": [1, 4.25, 1.5, 5.5], "texture": "#7"},
				"up": {"uv": [0.5, 3.75, 1, 4.25], "texture": "#7"},
				"down": {"uv": [1, 3.75, 1.5, 4.25], "texture": "#7"}
			}
		},
		{
			"name": "frame_7",
			"from": [8.5, 0, 5.25],
			"to": [10, 3, 6.75],
			"rotation": {"angle": 0, "axis": "x", "origin": [9.25, 2.75, 6]},
			"faces": {
				"north": {"uv": [0.5, 4.25, 1, 5.5], "texture": "#8"},
				"east": {"uv": [0, 4.25, 0.5, 5.5], "texture": "#8"},
				"south": {"uv": [1.5, 4.25, 2, 5.5], "texture": "#8"},
				"west": {"uv": [1, 4.25, 1.5, 5.5], "texture": "#8"},
				"up": {"uv": [0.5, 3.75, 1, 4.25], "texture": "#8"},
				"down": {"uv": [1, 3.75, 1.5, 4.25], "texture": "#8"}
			}
		},
		{
			"name": "tail",
			"from": [6.75, 3.75, 11.5],
			"to": [9.25, 6.25, 14.75],
			"rotation": {"angle": 0, "axis": "x", "origin": [8, 5, 11.5]},
			"faces": {
				"north": {"uv": [6, 0, 6.75, 0.75], "rotation": 180, "texture": "#0"},
				"east": {"uv": [5.25, 0.75, 6, 2], "rotation": 90, "texture": "#0"},
				"south": {"uv": [6.75, 0, 7.5, 0.75], "texture": "#0"},
				"west": {"uv": [6.75, 0.75, 7.5, 2], "rotation": 270, "texture": "#0"},
				"up": {"uv": [7.5, 0.75, 8.25, 2], "texture": "#0"},
				"down": {"uv": [6, 0.75, 6.75, 2], "rotation": 180, "texture": "#0"}
			}
		}
	],
	"display": {
		"thirdperson_righthand": {
			"rotation": [75, 45, 0],
			"translation": [0, 2.5, 0],
			"scale": [0.375, 0.375, 0.375]
		},
		"firstperson_righthand": {
			"rotation": [0, 45, 0],
			"scale": [0.4, 0.4, 0.4]
		},
		"firstperson_lefthand": {
			"rotation": [0, 225, 0],
			"scale": [0.4, 0.4, 0.4]
		},
		"ground": {
			"translation": [0, 3, 0],
			"scale": [0.25, 0.25, 0.25]
		},
		"gui": {
			"rotation": [30, 225, 0],
			"translation": [0, 2, 0]
		},
		"head": {
			"translation": [0, -39, 1],
			"scale": [2, 2, 2]
		},
		"fixed": {
			"scale": [0.5, 0.5, 0.5]
		}
	},
	"groups": [
		{
			"name": "fox",
			"origin": [8, 8, 8],
			"color": 0,
			"children": [
				{
					"name": "head",
					"origin": [8, 8, 8],
					"color": 0,
					"children": [0, 1, 2, 3]
				},
				4,
				{
					"name": "legs",
					"origin": [8, 8, 8],
					"color": 0,
					"children": [
						{
							"name": "back_left",
							"origin": [8, 8, 8],
							"color": 0,
							"children": [5, 6, 7, 8, 9, 10, 11, 12]
						},
						{
							"name": "back_right",
							"origin": [6.75, 2.75, 10.5],
							"color": 0,
							"children": [13, 14, 15, 16, 17, 18, 19, 20]
						},
						{
							"name": "front_left",
							"origin": [9.25, 2.75, 10.5],
							"color": 0,
							"children": [21, 22, 23, 24, 25, 26, 27, 28]
						},
						{
							"name": "front_right",
							"origin": [6.75, 2.75, 5.75],
							"color": 0,
							"children": [29, 30, 31, 32, 33, 34, 35, 36]
						}
					]
				},
				37
			]
		}
	]
}