{
	"textures": {
		"0": "#texture_body",
		"1": "#texture_frame_0",
		"2": "#texture_frame_1",
		"3": "#texture_frame_2",
		"4": "#texture_frame_3",
		"5": "#texture_frame_4",
		"6": "#texture_frame_5",
		"7": "#texture_frame_6",
		"8": "#texture_frame_7",
		"particle": "#texture_body"
	},
	"elements": [
		{
			"name": "snout",
			"from": [6.5, 4.75, 1.5],
			"to": [9.5, 6.5, 2],
			"rotation": {"angle": 0, "axis": "y", "origin": [15, 12.75, 9]},
			"faces": {"north": {"uv": [4.25, 2.75, 5, 3.5], "texture": "#0"},
				"east": {"uv": [4, 2.75, 4.25, 3.5], "texture": "#0"},
				"south": {"uv": [1.5, 2, 2.5, 2.5], "texture": "#0"},
				"west": {"uv": [5, 2.75, 5.25, 3.5], "texture": "#0"},
				"up": {"uv": [4.25, 2.5, 5, 2.75], "texture": "#0"},
				"down": {"uv": [4.25, 3.5, 5, 3.75], "texture": "#0"}
			}
		},
		{
			"name": "head",
			"from": [5.25, 4.25, 2],
			"to": [10.75, 8.75, 7],
			"rotation": {"angle": 0, "axis": "y", "origin": [10, 11, 11]},
			"faces": {
				"north": {"uv": [1.25, 1.25, 2.75, 2.5], "texture": "#0"},
				"east": {"uv": [0, 1.25, 1.25, 2.5], "texture": "#0"},
				"south": {"uv": [4, 1.25, 5.5, 2.5], "texture": "#0"},
				"west": {"uv": [2.75, 1.25, 4, 2.5], "texture": "#0"},
				"up": {"uv": [1.25, 0, 2.75, 1], "texture": "#0"},
				"down": {"uv": [2.75, 0, 4.25, 1.25], "texture": "#0"}
			}
		},
		{
			"name": "body",
			"from": [5, 3, 5],
			"to": [11, 7, 12],
			"rotation": {"angle": 0, "axis": "y", "origin": [13, 11, 14]},
			"faces": {
				"north": {"uv": [8.25, 2.75, 9.75, 3.75], "texture": "#0"},
				"east": {"uv": [6.5, 4.25, 8.25, 5.25], "texture": "#0"},
				"south": {"uv": [8.25, 6, 9.75, 7], "texture": "#0"},
				"west": {"uv": [3.25, 4.25, 5, 5.25], "texture": "#0"},
				"up": {"uv": [5, 4, 6.5, 5.75], "texture": "#0"},
				"down": {"uv": [8.25, 4, 9.75, 5.75], "texture": "#0"}
			}
		},
		{
			"name": "frame_1",
			"from": [9, 0, 5.5],
			"to": [11, 3, 7.5],
			"rotation": {"angle": 22.5, "axis": "x", "origin": [10, 3, 6.5]},
			"faces": {
				"north": {"uv": [0.75, 3.25, 1.5, 4.75], "texture": "#1"},
				"east": {"uv": [0, 3.5, 0.75, 4.75], "texture": "#1"},
				"south": {"uv": [2.25, 3.5, 3, 4.75], "texture": "#1"},
				"west": {"uv": [1.5, 3.5, 2.25, 4.75], "texture": "#1"},
				"up": {"uv": [0.75, 2.75, 1.5, 3.5], "texture": "#1"},
				"down": {"uv": [1.5, 2.75, 2.25, 3.5], "texture": "#1"}
			}
		},
		{
			"name": "frame_2",
			"from": [9, 0, 5.5],
			"to": [11, 3, 7.5],
			"rotation": {"angle": 45, "axis": "x", "origin": [10, 3, 6.5]},
			"faces": {
				"north": {"uv": [0.75, 3.25, 1.5, 4.75], "texture": "#2"},
				"east": {"uv": [0, 3.5, 0.75, 4.75], "texture": "#2"},
				"south": {"uv": [2.25, 3.5, 3, 4.75], "texture": "#2"},
				"west": {"uv": [1.5, 3.5, 2.25, 4.75], "texture": "#2"},
				"up": {"uv": [0.75, 2.75, 1.5, 3.5], "texture": "#2"},
				"down": {"uv": [1.5, 2.75, 2.25, 3.5], "texture": "#2"}
			}
		},
		{
			"name": "frame_3",
			"from": [9, 0, 5.5],
			"to": [11, 3, 7.5],
			"rotation": {"angle": 22.5, "axis": "x", "origin": [10, 3, 6.5]},
			"faces": {
				"north": {"uv": [0.75, 3.25, 1.5, 4.75], "texture": "#3"},
				"east": {"uv": [0, 3.5, 0.75, 4.75], "texture": "#3"},
				"south": {"uv": [2.25, 3.5, 3, 4.75], "texture": "#3"},
				"west": {"uv": [1.5, 3.5, 2.25, 4.75], "texture": "#3"},
				"up": {"uv": [0.75, 2.75, 1.5, 3.5], "texture": "#3"},
				"down": {"uv": [1.5, 2.75, 2.25, 3.5], "texture": "#3"}
			}
		},
		{
			"name": "frame_4",
			"from": [9, 0, 5.5],
			"to": [11, 3, 7.5],
			"rotation": {"angle": 0, "axis": "z", "origin": [10, 3, 6.5]},
			"faces": {
				"north": {"uv": [0.75, 3.25, 1.5, 4.75], "texture": "#4"},
				"east": {"uv": [0, 3.5, 0.75, 4.75], "texture": "#4"},
				"south": {"uv": [2.25, 3.5, 3, 4.75], "texture": "#4"},
				"west": {"uv": [1.5, 3.5, 2.25, 4.75], "texture": "#4"},
				"up": {"uv": [0.75, 2.75, 1.5, 3.5], "texture": "#4"},
				"down": {"uv": [1.5, 2.75, 2.25, 3.5], "texture": "#4"}
			}
		},
		{
			"name": "frame_5",
			"from": [9, 0, 5.5],
			"to": [11, 3, 7.5],
			"rotation": {"angle": -22.5, "axis": "x", "origin": [10, 3, 6.5]},
			"faces": {
				"north": {"uv": [0.75, 3.25, 1.5, 4.75], "texture": "#5"},
				"east": {"uv": [0, 3.5, 0.75, 4.75], "texture": "#5"},
				"south": {"uv": [2.25, 3.5, 3, 4.75], "texture": "#5"},
				"west": {"uv": [1.5, 3.5, 2.25, 4.75], "texture": "#5"},
				"up": {"uv": [0.75, 2.75, 1.5, 3.5], "texture": "#5"},
				"down": {"uv": [1.5, 2.75, 2.25, 3.5], "texture": "#5"}
			}
		},
		{
			"name": "frame_6",
			"from": [9, 0, 5.5],
			"to": [11, 3, 7.5],
			"rotation": {"angle": -45, "axis": "x", "origin": [10, 3, 6.5]},
			"faces": {
				"north": {"uv": [0.75, 3.25, 1.5, 4.75], "texture": "#6"},
				"east": {"uv": [0, 3.5, 0.75, 4.75], "texture": "#6"},
				"south": {"uv": [2.25, 3.5, 3, 4.75], "texture": "#6"},
				"west": {"uv": [1.5, 3.5, 2.25, 4.75], "texture": "#6"},
				"up": {"uv": [0.75, 2.75, 1.5, 3.5], "texture": "#6"},
				"down": {"uv": [1.5, 2.75, 2.25, 3.5], "texture": "#6"}
			}
		},
		{
			"name": "frame_7",
			"from": [9, 0, 5.5],
			"to": [11, 3, 7.5],
			"rotation": {"angle": -22.5, "axis": "x", "origin": [10, 3, 6.5]},
			"faces": {
				"north": {"uv": [0.75, 3.25, 1.5, 4.75], "texture": "#7"},
				"east": {"uv": [0, 3.5, 0.75, 4.75], "texture": "#7"},
				"south": {"uv": [2.25, 3.5, 3, 4.75], "texture": "#7"},
				"west": {"uv": [1.5, 3.5, 2.25, 4.75], "texture": "#7"},
				"up": {"uv": [0.75, 2.75, 1.5, 3.5], "texture": "#7"},
				"down": {"uv": [1.5, 2.75, 2.25, 3.5], "texture": "#7"}
			}
		},
		{
			"name": "frame_8",
			"from": [9, 0, 5.5],
			"to": [11, 3, 7.5],
			"rotation": {"angle": 0, "axis": "x", "origin": [10, 3, 6.5]},
			"faces": {
				"north": {"uv": [0.75, 3.25, 1.5, 4.75], "texture": "#8"},
				"east": {"uv": [0, 3.5, 0.75, 4.75], "texture": "#8"},
				"south": {"uv": [2.25, 3.5, 3, 4.75], "texture": "#8"},
				"west": {"uv": [1.5, 3.5, 2.25, 4.75], "texture": "#8"},
				"up": {"uv": [0.75, 2.75, 1.5, 3.5], "texture": "#8"},
				"down": {"uv": [1.5, 2.75, 2.25, 3.5], "texture": "#8"}
			}
		},
		{
			"name": "frame_1",
			"from": [5, 0, 5.5],
			"to": [7, 3, 7.5],
			"rotation": {"angle": -22.5, "axis": "x", "origin": [6, 3, 6.5]},
			"faces": {
				"north": {"uv": [0.75, 3.25, 1.5, 4.75], "texture": "#1"},
				"east": {"uv": [0, 3.5, 0.75, 4.75], "texture": "#1"},
				"south": {"uv": [2.25, 3.5, 3, 4.75], "texture": "#1"},
				"west": {"uv": [1.5, 3.5, 2.25, 4.75], "texture": "#1"},
				"up": {"uv": [0.75, 2.75, 1.5, 3.5], "texture": "#1"},
				"down": {"uv": [1.5, 2.75, 2.25, 3.5], "texture": "#1"}
			}
		},
		{
			"name": "frame_2",
			"from": [5, 0, 5.5],
			"to": [7, 3, 7.5],
			"rotation": {"angle": -45, "axis": "x", "origin": [6, 3, 6.5]},
			"faces": {
				"north": {"uv": [0.75, 3.25, 1.5, 4.75], "texture": "#2"},
				"east": {"uv": [0, 3.5, 0.75, 4.75], "texture": "#2"},
				"south": {"uv": [2.25, 3.5, 3, 4.75], "texture": "#2"},
				"west": {"uv": [1.5, 3.5, 2.25, 4.75], "texture": "#2"},
				"up": {"uv": [0.75, 2.75, 1.5, 3.5], "texture": "#2"},
				"down": {"uv": [1.5, 2.75, 2.25, 3.5], "texture": "#2"}
			}
		},
		{
			"name": "frame_3",
			"from": [5, 0, 5.5],
			"to": [7, 3, 7.5],
			"rotation": {"angle": -22.5, "axis": "x", "origin": [6, 3, 6.5]},
			"faces": {
				"north": {"uv": [0.75, 3.25, 1.5, 4.75], "texture": "#3"},
				"east": {"uv": [0, 3.5, 0.75, 4.75], "texture": "#3"},
				"south": {"uv": [2.25, 3.5, 3, 4.75], "texture": "#3"},
				"west": {"uv": [1.5, 3.5, 2.25, 4.75], "texture": "#3"},
				"up": {"uv": [0.75, 2.75, 1.5, 3.5], "texture": "#3"},
				"down": {"uv": [1.5, 2.75, 2.25, 3.5], "texture": "#3"}
			}
		},
		{
			"name": "frame_4",
			"from": [5, 0, 5.5],
			"to": [7, 3, 7.5],
			"rotation": {"angle": 0, "axis": "x", "origin": [6, 3, 6.5]},
			"faces": {
				"north": {"uv": [0.75, 3.25, 1.5, 4.75], "texture": "#4"},
				"east": {"uv": [0, 3.5, 0.75, 4.75], "texture": "#4"},
				"south": {"uv": [2.25, 3.5, 3, 4.75], "texture": "#4"},
				"west": {"uv": [1.5, 3.5, 2.25, 4.75], "texture": "#4"},
				"up": {"uv": [0.75, 2.75, 1.5, 3.5], "texture": "#4"},
				"down": {"uv": [1.5, 2.75, 2.25, 3.5], "texture": "#4"}
			}
		},
		{
			"name": "frame_5",
			"from": [5, 0, 5.5],
			"to": [7, 3, 7.5],
			"rotation": {"angle": 22.5, "axis": "x", "origin": [6, 3, 6.5]},
			"faces": {
				"north": {"uv": [0.75, 3.25, 1.5, 4.75], "texture": "#5"},
				"east": {"uv": [0, 3.5, 0.75, 4.75], "texture": "#5"},
				"south": {"uv": [2.25, 3.5, 3, 4.75], "texture": "#5"},
				"west": {"uv": [1.5, 3.5, 2.25, 4.75], "texture": "#5"},
				"up": {"uv": [0.75, 2.75, 1.5, 3.5], "texture": "#5"},
				"down": {"uv": [1.5, 2.75, 2.25, 3.5], "texture": "#5"}
			}
		},
		{
			"name": "frame_6",
			"from": [5, 0, 5.5],
			"to": [7, 3, 7.5],
			"rotation": {"angle": 45, "axis": "x", "origin": [6, 3, 6.5]},
			"faces": {
				"north": {"uv": [0.75, 3.25, 1.5, 4.75], "texture": "#6"},
				"east": {"uv": [0, 3.5, 0.75, 4.75], "texture": "#6"},
				"south": {"uv": [2.25, 3.5, 3, 4.75], "texture": "#6"},
				"west": {"uv": [1.5, 3.5, 2.25, 4.75], "texture": "#6"},
				"up": {"uv": [0.75, 2.75, 1.5, 3.5], "texture": "#6"},
				"down": {"uv": [1.5, 2.75, 2.25, 3.5], "texture": "#6"}
			}
		},
		{
			"name": "frame_7",
			"from": [5, 0, 5.5],
			"to": [7, 3, 7.5],
			"rotation": {"angle": 22.5, "axis": "x", "origin": [6, 3, 6.5]},
			"faces": {
				"north": {"uv": [0.75, 3.25, 1.5, 4.75], "texture": "#7"},
				"east": {"uv": [0, 3.5, 0.75, 4.75], "texture": "#7"},
				"south": {"uv": [2.25, 3.5, 3, 4.75], "texture": "#7"},
				"west": {"uv": [1.5, 3.5, 2.25, 4.75], "texture": "#7"},
				"up": {"uv": [0.75, 2.75, 1.5, 3.5], "texture": "#7"},
				"down": {"uv": [1.5, 2.75, 2.25, 3.5], "texture": "#7"}
			}
		},
		{
			"name": "frame_8",
			"from": [5, 0, 5.5],
			"to": [7, 3, 7.5],
			"rotation": {"angle": 0, "axis": "x", "origin": [6, 3, 6.5]},
			"faces": {
				"north": {"uv": [0.75, 3.25, 1.5, 4.75], "texture": "#8"},
				"east": {"uv": [0, 3.5, 0.75, 4.75], "texture": "#8"},
				"south": {"uv": [2.25, 3.5, 3, 4.75], "texture": "#8"},
				"west": {"uv": [1.5, 3.5, 2.25, 4.75], "texture": "#8"},
				"up": {"uv": [0.75, 2.75, 1.5, 3.5], "texture": "#8"},
				"down": {"uv": [1.5, 2.75, 2.25, 3.5], "texture": "#8"}
			}
		},
		{
			"name": "frame_1",
			"from": [9, 0, 10.5],
			"to": [11, 3, 12.5],
			"rotation": {"angle": -22.5, "axis": "x", "origin": [10, 3, 11.5]},
			"faces": {
				"north": {"uv": [0.75, 3.25, 1.5, 4.75], "texture": "#1"},
				"east": {"uv": [0, 3.5, 0.75, 4.75], "texture": "#1"},
				"south": {"uv": [2.25, 3.5, 3, 4.75], "texture": "#1"},
				"west": {"uv": [1.5, 3.5, 2.25, 4.75], "texture": "#1"},
				"up": {"uv": [0.75, 2.75, 1.5, 3.5], "texture": "#1"},
				"down": {"uv": [1.5, 2.75, 2.25, 3.5], "texture": "#1"}
			}
		},
		{
			"name": "frame_2",
			"from": [9, 0, 10.5],
			"to": [11, 3, 12.5],
			"rotation": {"angle": -45, "axis": "x", "origin": [10, 3, 11.5]},
			"faces": {
				"north": {"uv": [0.75, 3.25, 1.5, 4.75], "texture": "#2"},
				"east": {"uv": [0, 3.5, 0.75, 4.75], "texture": "#2"},
				"south": {"uv": [2.25, 3.5, 3, 4.75], "texture": "#2"},
				"west": {"uv": [1.5, 3.5, 2.25, 4.75], "texture": "#2"},
				"up": {"uv": [0.75, 2.75, 1.5, 3.5], "texture": "#2"},
				"down": {"uv": [1.5, 2.75, 2.25, 3.5], "texture": "#2"}
			}
		},
		{
			"name": "frame_3",
			"from": [9, 0, 10.5],
			"to": [11, 3, 12.5],
			"rotation": {"angle": -22.5, "axis": "x", "origin": [10, 3, 11.5]},
			"faces": {
				"north": {"uv": [0.75, 3.25, 1.5, 4.75], "texture": "#3"},
				"east": {"uv": [0, 3.5, 0.75, 4.75], "texture": "#3"},
				"south": {"uv": [2.25, 3.5, 3, 4.75], "texture": "#3"},
				"west": {"uv": [1.5, 3.5, 2.25, 4.75], "texture": "#3"},
				"up": {"uv": [0.75, 2.75, 1.5, 3.5], "texture": "#3"},
				"down": {"uv": [1.5, 2.75, 2.25, 3.5], "texture": "#3"}
			}
		},
		{
			"name": "frame_4",
			"from": [9, 0, 10.5],
			"to": [11, 3, 12.5],
			"rotation": {"angle": 0, "axis": "x", "origin": [10, 3, 11.5]},
			"faces": {
				"north": {"uv": [0.75, 3.25, 1.5, 4.75], "texture": "#4"},
				"east": {"uv": [0, 3.5, 0.75, 4.75], "texture": "#4"},
				"south": {"uv": [2.25, 3.5, 3, 4.75], "texture": "#4"},
				"west": {"uv": [1.5, 3.5, 2.25, 4.75], "texture": "#4"},
				"up": {"uv": [0.75, 2.75, 1.5, 3.5], "texture": "#4"},
				"down": {"uv": [1.5, 2.75, 2.25, 3.5], "texture": "#4"}
			}
		},
		{
			"name": "frame_5",
			"from": [9, 0, 10.5],
			"to": [11, 3, 12.5],
			"rotation": {"angle": 22.5, "axis": "x", "origin": [10, 3, 11.5]},
			"faces": {
				"north": {"uv": [0.75, 3.25, 1.5, 4.75], "texture": "#5"},
				"east": {"uv": [0, 3.5, 0.75, 4.75], "texture": "#5"},
				"south": {"uv": [2.25, 3.5, 3, 4.75], "texture": "#5"},
				"west": {"uv": [1.5, 3.5, 2.25, 4.75], "texture": "#5"},
				"up": {"uv": [0.75, 2.75, 1.5, 3.5], "texture": "#5"},
				"down": {"uv": [1.5, 2.75, 2.25, 3.5], "texture": "#5"}
			}
		},
		{
			"name": "frame_6",
			"from": [9, 0, 10.5],
			"to": [11, 3, 12.5],
			"rotation": {"angle": 45, "axis": "x", "origin": [10, 3, 11.5]},
			"faces": {
				"north": {"uv": [0.75, 3.25, 1.5, 4.75], "texture": "#6"},
				"east": {"uv": [0, 3.5, 0.75, 4.75], "texture": "#6"},
				"south": {"uv": [2.25, 3.5, 3, 4.75], "texture": "#6"},
				"west": {"uv": [1.5, 3.5, 2.25, 4.75], "texture": "#6"},
				"up": {"uv": [0.75, 2.75, 1.5, 3.5], "texture": "#6"},
				"down": {"uv": [1.5, 2.75, 2.25, 3.5], "texture": "#6"}
			}
		},
		{
			"name": "frame_7",
			"from": [9, 0, 10.5],
			"to": [11, 3, 12.5],
			"rotation": {"angle": 22.5, "axis": "x", "origin": [10, 3, 11.5]},
			"faces": {
				"north": {"uv": [0.75, 3.25, 1.5, 4.75], "texture": "#7"},
				"east": {"uv": [0, 3.5, 0.75, 4.75], "texture": "#7"},
				"south": {"uv": [2.25, 3.5, 3, 4.75], "texture": "#7"},
				"west": {"uv": [1.5, 3.5, 2.25, 4.75], "texture": "#7"},
				"up": {"uv": [0.75, 2.75, 1.5, 3.5], "texture": "#7"},
				"down": {"uv": [1.5, 2.75, 2.25, 3.5], "texture": "#7"}
			}
		},
		{
			"name": "frame_8",
			"from": [9, 0, 10.5],
			"to": [11, 3, 12.5],
			"rotation": {"angle": 0, "axis": "x", "origin": [10, 3, 11.5]},
			"faces": {
				"north": {"uv": [0.75, 3.25, 1.5, 4.75], "texture": "#8"},
				"east": {"uv": [0, 3.5, 0.75, 4.75], "texture": "#8"},
				"south": {"uv": [2.25, 3.5, 3, 4.75], "texture": "#8"},
				"west": {"uv": [1.5, 3.5, 2.25, 4.75], "texture": "#8"},
				"up": {"uv": [0.75, 2.75, 1.5, 3.5], "texture": "#8"},
				"down": {"uv": [1.5, 2.75, 2.25, 3.5], "texture": "#8"}
			}
		},
		{
			"name": "frame_1",
			"from": [5, 0, 10.5],
			"to": [7, 3, 12.5],
			"rotation": {"angle": 22.5, "axis": "x", "origin": [6, 3, 11.5]},
			"faces": {
				"north": {"uv": [0.75, 3.25, 1.5, 4.75], "texture": "#1"},
				"east": {"uv": [0, 3.5, 0.75, 4.75], "texture": "#1"},
				"south": {"uv": [2.25, 3.5, 3, 4.75], "texture": "#1"},
				"west": {"uv": [1.5, 3.5, 2.25, 4.75], "texture": "#1"},
				"up": {"uv": [0.75, 2.75, 1.5, 3.5], "texture": "#1"},
				"down": {"uv": [1.5, 2.75, 2.25, 3.5], "texture": "#1"}
			}
		},
		{
			"name": "frame_2",
			"from": [5, 0, 10.5],
			"to": [7, 3, 12.5],
			"rotation": {"angle": 45, "axis": "x", "origin": [6, 3, 11.5]},
			"faces": {
				"north": {"uv": [0.75, 3.25, 1.5, 4.75], "texture": "#2"},
				"east": {"uv": [0, 3.5, 0.75, 4.75], "texture": "#2"},
				"south": {"uv": [2.25, 3.5, 3, 4.75], "texture": "#2"},
				"west": {"uv": [1.5, 3.5, 2.25, 4.75], "texture": "#2"},
				"up": {"uv": [0.75, 2.75, 1.5, 3.5], "texture": "#2"},
				"down": {"uv": [1.5, 2.75, 2.25, 3.5], "texture": "#2"}
			}
		},
		{
			"name": "frame_3",
			"from": [5, 0, 10.5],
			"to": [7, 3, 12.5],
			"rotation": {"angle": 22.5, "axis": "x", "origin": [6, 3, 11.5]},
			"faces": {
				"north": {"uv": [0.75, 3.25, 1.5, 4.75], "texture": "#3"},
				"east": {"uv": [0, 3.5, 0.75, 4.75], "texture": "#3"},
				"south": {"uv": [2.25, 3.5, 3, 4.75], "texture": "#3"},
				"west": {"uv": [1.5, 3.5, 2.25, 4.75], "texture": "#3"},
				"up": {"uv": [0.75, 2.75, 1.5, 3.5], "texture": "#3"},
				"down": {"uv": [1.5, 2.75, 2.25, 3.5], "texture": "#3"}
			}
		},
		{
			"name": "frame_4",
			"from": [5, 0, 10.5],
			"to": [7, 3, 12.5],
			"rotation": {"angle": 0, "axis": "z", "origin": [6, 3, 11.5]},
			"faces": {
				"north": {"uv": [0.75, 3.25, 1.5, 4.75], "texture": "#4"},
				"east": {"uv": [0, 3.5, 0.75, 4.75], "texture": "#4"},
				"south": {"uv": [2.25, 3.5, 3, 4.75], "texture": "#4"},
				"west": {"uv": [1.5, 3.5, 2.25, 4.75], "texture": "#4"},
				"up": {"uv": [0.75, 2.75, 1.5, 3.5], "texture": "#4"},
				"down": {"uv": [1.5, 2.75, 2.25, 3.5], "texture": "#4"}
			}
		},
		{
			"name": "frame_5",
			"from": [5, 0, 10.5],
			"to": [7, 3, 12.5],
			"rotation": {"angle": -22.5, "axis": "x", "origin": [6, 3, 11.5]},
			"faces": {
				"north": {"uv": [0.75, 3.25, 1.5, 4.75], "texture": "#5"},
				"east": {"uv": [0, 3.5, 0.75, 4.75], "texture": "#5"},
				"south": {"uv": [2.25, 3.5, 3, 4.75], "texture": "#5"},
				"west": {"uv": [1.5, 3.5, 2.25, 4.75], "texture": "#5"},
				"up": {"uv": [0.75, 2.75, 1.5, 3.5], "texture": "#5"},
				"down": {"uv": [1.5, 2.75, 2.25, 3.5], "texture": "#5"}
			}
		},
		{
			"name": "frame_6",
			"from": [5, 0, 10.5],
			"to": [7, 3, 12.5],
			"rotation": {"angle": -45, "axis": "x", "origin": [6, 3, 11.5]},
			"faces": {
				"north": {"uv": [0.75, 3.25, 1.5, 4.75], "texture": "#6"},
				"east": {"uv": [0, 3.5, 0.75, 4.75], "texture": "#6"},
				"south": {"uv": [2.25, 3.5, 3, 4.75], "texture": "#6"},
				"west": {"uv": [1.5, 3.5, 2.25, 4.75], "texture": "#6"},
				"up": {"uv": [0.75, 2.75, 1.5, 3.5], "texture": "#6"},
				"down": {"uv": [1.5, 2.75, 2.25, 3.5], "texture": "#6"}
			}
		},
		{
			"name": "frame_7",
			"from": [5, 0, 10.5],
			"to": [7, 3, 12.5],
			"rotation": {"angle": -22.5, "axis": "x", "origin": [6, 3, 11.5]},
			"faces": {
				"north": {"uv": [0.75, 3.25, 1.5, 4.75], "texture": "#7"},
				"east": {"uv": [0, 3.5, 0.75, 4.75], "texture": "#7"},
				"south": {"uv": [2.25, 3.5, 3, 4.75], "texture": "#7"},
				"west": {"uv": [1.5, 3.5, 2.25, 4.75], "texture": "#7"},
				"up": {"uv": [0.75, 2.75, 1.5, 3.5], "texture": "#7"},
				"down": {"uv": [1.5, 2.75, 2.25, 3.5], "texture": "#7"}
			}
		},
		{
			"name": "frame_8",
			"from": [5, 0, 10.5],
			"to": [7, 3, 12.5],
			"rotation": {"angle": 0, "axis": "x", "origin": [6, 3, 11.5]},
			"faces": {
				"north": {"uv": [0.75, 3.25, 1.5, 4.75], "texture": "#8"},
				"east": {"uv": [0, 3.5, 0.75, 4.75], "texture": "#8"},
				"south": {"uv": [2.25, 3.5, 3, 4.75], "texture": "#8"},
				"west": {"uv": [1.5, 3.5, 2.25, 4.75], "texture": "#8"},
				"up": {"uv": [0.75, 2.75, 1.5, 3.5], "texture": "#8"},
				"down": {"uv": [1.5, 2.75, 2.25, 3.5], "texture": "#8"}
			}
		}
	],
	"display": {
		"gui": {"rotation": [ 30, 225, 0 ],"translation": [ 0, 2, 0],"scale":[ 1, 1, 1 ]},
        "ground": {"rotation": [ 0, 0, 0 ],"translation": [ 0, 3, 0],"scale":[ 0.25, 0.25, 0.25 ]},
        "fixed": {"rotation": [ 0, 0, 0 ],"translation": [ 0, 0, 0],"scale":[ 0.5, 0.5, 0.5 ]},
        "thirdperson_righthand": {"rotation": [ 75, 45, 0 ],"translation": [ 0, 2.5, 0],"scale": [ 0.375, 0.375, 0.375 ]},
        "firstperson_righthand": {"rotation": [ 0, 45, 0 ],"translation": [ 0, 0, 0 ],"scale": [ 0.40, 0.40, 0.40 ]},
        "firstperson_lefthand": {"rotation": [ 0, 225, 0 ],"translation": [ 0, 0, 0 ],"scale": [ 0.40, 0.40, 0.40 ]},
		"head": {"translation": [0, -39, 0],"scale": [2, 2, 2]}
	},
	"groups": [
		{
			"name": "pig",
			"origin": [8, 8, 8],
			"children": [0, 1, 2,
				{"name": "leg_fr","origin": [10, 0, 3.5],"children": [3, 4, 5, 6, 7, 8, 9, 10]},
				{"name": "leg_fl","origin": [10, 0, 3.5],"children": [11, 12, 13, 14, 15, 16, 17, 18]},
				{"name": "leg_br","origin": [10, 0, 3.5],"children": [19, 20, 21, 22, 23, 24, 25, 26]},
				{"name": "leg_bl","origin": [10, 0, 3.5],"children": [27, 28, 29, 30, 31, 32, 33, 34]}
			]
		}
	]
}