{
	"textures": {
		"0": "#texture",
		"particle": "#texture"
	},
	"elements": [
		{
			"name": "beak",
			"from": [7.45, 3.5, 3.925],
			"to": [8.45, 4.5, 4.925],
			"rotation": {"angle": 0, "axis": "y", "origin": [15.45, 11.5, 11.925]},
			"faces": {
				"north": {"uv": [3.5, 0.25, 3.75, 0.5], "texture": "#0"},
				"east": {"uv": [3.25, 0.25, 3.5, 0.5], "texture": "#0"},
				"south": {"uv": [3.75, 0, 4, 0.25], "texture": "#0"},
				"west": {"uv": [3.75, 0.25, 4, 0.5], "texture": "#0"},
				"up": {"uv": [3.5, 0, 3.75, 0.25], "texture": "#0"},
				"down": {"uv": [4, 0.25, 4.25, 0.5], "texture": "#0"}
			}
		},
		{
			"name": "head",
			"from": [5.925, 2.975, 4.925],
			"to": [9.975, 6.525, 7.925],
			"rotation": {"angle": 0, "axis": "y", "origin": [13.925, 10.975, 14.925]},
			"faces": {
				"north": {"uv": [0.75, 0.75, 1.75, 1.5], "texture": "#0"},
				"east": {"uv": [0.25, 0.75, 1, 1.5], "texture": "#0"},
				"south": {"uv": [2.5, 0.75, 3.25, 1.5], "texture": "#0"},
				"west": {"uv": [1.5, 0.75, 2.25, 1.5], "texture": "#0"},
				"up": {"uv": [0.75, 0, 1.824, 0.75], "texture": "#0"},
				"down": {"uv": [1.5, 0, 2.75, 0.5], "texture": "#0"}
			}
		},
		{
			"name": "body",
			"from": [5.45, 1.05, 6.775],
			"to": [10.45, 5.275, 11.1],
			"rotation": {"angle": 0, "axis": "y", "origin": [13.45, 8.05, 14.775]},
			"faces": {
				"north": {"uv": [3, 1.5, 4.5, 2.75], "texture": "#0"},
				"east": {"uv": [3.25, 3, 4.5, 4.5], "texture": "#0"},
				"south": {"uv": [1.5, 1.5, 3, 2.75], "texture": "#0"},
				"west": {"uv": [0, 3, 1.25, 4.5], "texture": "#0"},
				"up": {"uv": [4.5, 3, 6, 4.25], "texture": "#0"},
				"down": {"uv": [1.5, 3, 3.25, 4.5], "texture": "#0"}
			}
		},
		{
			"name": "feet",
			"from": [6.45, 0.05, 8.325],
			"to": [9.45, 0.05, 9.325],
			"rotation": {"angle": 0, "axis": "y", "origin": [14.45, 8.05, 16.325]},
			"faces": {
				"north": {"uv": [0, 0, 3, 0], "texture": "#0"},
				"east": {"uv": [0, 0, 1, 0], "texture": "#0"},
				"south": {"uv": [1.25, 0, 2, 0.25], "texture": "#0"},
				"west": {"uv": [0, 0, 1, 0], "texture": "#0"},
				"up": {"uv": [4.5, 0.25, 5.25, 0.5], "texture": "#0"},
				"down": {"uv": [4, 0.25, 4.75, 0.5], "texture": "#0"}
			}
		},
		{
			"name": "legs",
			"from": [6.45, 0.05, 9.325],
			"to": [9.45, 1.05, 9.325],
			"rotation": {"angle": 0, "axis": "y", "origin": [14.45, 8.05, 16.325]},
			"faces": {
				"north": {"uv": [4.5, 0, 5.25, 0.25], "texture": "#0"},
				"east": {"uv": [0, 0, 0, 2], "texture": "#0"},
				"south": {"uv": [4.5, 0, 5.25, 0.25], "texture": "#0"},
				"west": {"uv": [0, 0, 0, 2], "texture": "#0"},
				"up": {"uv": [0, 0, 3, 0], "texture": "#0"},
				"down": {"uv": [0, 0, 3, 0], "texture": "#0"}
			}
		}
	],
	"display": {
		"gui": {"rotation": [ 30, 225, 0 ],"translation": [ 0, 2, 0],"scale":[ 1, 1, 1 ]},
        "ground": {"rotation": [ 0, 0, 0 ],"translation": [ 0, 3, 0],"scale":[ 0.25, 0.25, 0.25 ]},
        "fixed": {"rotation": [ 0, 0, 0 ],"translation": [ 0, 0, 0],"scale":[ 0.5, 0.5, 0.5 ]},
        "thirdperson_righthand": {"rotation": [ 75, 45, 0 ],"translation": [ 0, 2.5, 0],"scale": [ 0.375, 0.375, 0.375 ]},
        "firstperson_righthand": {"rotation": [ 0, 45, 0 ],"translation": [ 0, 0, 0 ],"scale": [ 0.40, 0.40, 0.40 ]},
        "firstperson_lefthand": {"rotation": [ 0, 225, 0 ],"translation": [ 0, 0, 0 ],"scale": [ 0.40, 0.40, 0.40 ]},
		"head": {"translation": [0, -39, 0],"scale": [2, 2, 2]}
	},
	"groups": [
		{"name": "chcken","origin": [8, 8, 8],"children": [0, 1, 2, 3, 4]}
	]
}