{
	"credit": "Made with Blockbench",
	"textures": {
		"0": "#texture",
		"1": "#texture_frame_0",
		"2": "#texture_frame_1",
		"3": "#texture_frame_2",
		"4": "#texture_frame_3",
		"5": "#texture_frame_4",
		"6": "#texture_frame_5",
		"7": "#texture_frame_6",
		"8": "#texture_frame_7",
		"particle": "#texture"
	},
	"elements": [
		{
			"name": "beak",
			"from": [7.45, 3.5, 3.925],
			"to": [8.45, 4.5, 4.925],
			"rotation": {"angle": 0, "axis": "y", "origin": [15.45, 11.5, 11.925]},
			"faces": {
				"north": {"uv": [3.5, 0.25, 3.75, 0.5], "texture": "#0"},
				"east": {"uv": [3.25, 0.25, 3.5, 0.5], "texture": "#0"},
				"south": {"uv": [3.75, 0, 4, 0.25], "texture": "#0"},
				"west": {"uv": [3.75, 0.25, 4, 0.5], "texture": "#0"},
				"up": {"uv": [3.5, 0, 3.75, 0.25], "texture": "#0"},
				"down": {"uv": [4, 0.25, 4.25, 0.5], "texture": "#0"}
			}
		},
		{
			"name": "head",
			"from": [5.925, 2.975, 4.925],
			"to": [9.975, 6.525, 7.925],
			"rotation": {"angle": 0, "axis": "y", "origin": [13.925, 10.975, 14.925]},
			"faces": {
				"north": {"uv": [0.75, 0.75, 1.75, 1.5], "texture": "#0"},
				"east": {"uv": [0.25, 0.75, 1, 1.5], "texture": "#0"},
				"south": {"uv": [2.5, 0.75, 3.25, 1.5], "texture": "#0"},
				"west": {"uv": [1.5, 0.75, 2.25, 1.5], "texture": "#0"},
				"up": {"uv": [0.75, 0, 1.824, 0.75], "texture": "#0"},
				"down": {"uv": [1.5, 0, 2.75, 0.5], "texture": "#0"}
			}
		},
		{
			"name": "body",
			"from": [5.45, 1.05, 6.775],
			"to": [10.45, 5.275, 11.1],
			"rotation": {"angle": 0, "axis": "y", "origin": [13.45, 8.05, 14.775]},
			"faces": {
				"north": {"uv": [3, 1.5, 4.5, 2.75], "texture": "#0"},
				"east": {"uv": [3.25, 3, 4.5, 4.5], "texture": "#0"},
				"south": {"uv": [1.5, 1.5, 3, 2.75], "texture": "#0"},
				"west": {"uv": [0, 3, 1.25, 4.5], "texture": "#0"},
				"up": {"uv": [4.5, 3, 6, 4.25], "texture": "#0"},
				"down": {"uv": [1.5, 3, 3.25, 4.5], "texture": "#0"}
			}
		},
		{
			"name": "frame_0",
			"from": [4.25, 3.5, 7.25],
			"to": [6.25, 4.5, 9.25],
			"rotation": {"angle": -22.5, "axis": "z", "origin": [6.25, 4, 8.25]},
			"faces": {
				"north": {"uv": [3, 3.5, 3.5, 3.75], "texture": "#1"},
				"east": {"uv": [3, 3.75, 3.5, 4], "texture": "#1"},
				"south": {"uv": [3.5, 3.75, 4, 4], "texture": "#1"},
				"west": {"uv": [3.5, 3.5, 4, 3.75], "texture": "#1"},
				"up": {"uv": [3, 3, 3.5, 3.5], "texture": "#1"},
				"down": {"uv": [3.5, 3, 4, 3.5], "texture": "#1"}
			}
		},
		{
			"name": "frame_1",
			"from": [4.25, 3.5, 7.25],
			"to": [6.25, 4.5, 9.25],
			"rotation": {"angle": 0, "axis": "z", "origin": [6.25, 4, 8.25]},
			"faces": {
				"north": {"uv": [3, 3.5, 3.5, 3.75], "texture": "#2"},
				"east": {"uv": [3, 3.75, 3.5, 4], "texture": "#2"},
				"south": {"uv": [3.5, 3.75, 4, 4], "texture": "#2"},
				"west": {"uv": [3.5, 3.5, 4, 3.75], "texture": "#2"},
				"up": {"uv": [3, 3, 3.5, 3.5], "texture": "#2"},
				"down": {"uv": [3.5, 3, 4, 3.5], "texture": "#2"}
			}
		},
		{
			"name": "frame_2",
			"from": [4.25, 3.5, 7.25],
			"to": [6.25, 4.5, 9.25],
			"rotation": {"angle": 22.5, "axis": "z", "origin": [6.25, 4, 8.25]},
			"faces": {
				"north": {"uv": [3, 3.5, 3.5, 3.75], "texture": "#3"},
				"east": {"uv": [3, 3.75, 3.5, 4], "texture": "#3"},
				"south": {"uv": [3.5, 3.75, 4, 4], "texture": "#3"},
				"west": {"uv": [3.5, 3.5, 4, 3.75], "texture": "#3"},
				"up": {"uv": [3, 3, 3.5, 3.5], "texture": "#3"},
				"down": {"uv": [3.5, 3, 4, 3.5], "texture": "#3"}
			}
		},
		{
			"name": "frame_3",
			"from": [4.25, 3.5, 7.25],
			"to": [6.25, 4.5, 9.25],
			"rotation": {"angle": 22.5, "axis": "z", "origin": [6.25, 4, 8.25]},
			"faces": {
				"north": {"uv": [3, 3.5, 3.5, 3.75], "texture": "#4"},
				"east": {"uv": [3, 3.75, 3.5, 4], "texture": "#4"},
				"south": {"uv": [3.5, 3.75, 4, 4], "texture": "#4"},
				"west": {"uv": [3.5, 3.5, 4, 3.75], "texture": "#4"},
				"up": {"uv": [3, 3, 3.5, 3.5], "texture": "#4"},
				"down": {"uv": [3.5, 3, 4, 3.5], "texture": "#4"}
			}
		},
		{
			"name": "frame_4",
			"from": [4.25, 3.5, 7.25],
			"to": [6.25, 4.5, 9.25],
			"rotation": {"angle": 45, "axis": "z", "origin": [6.25, 4, 8.25]},
			"faces": {
				"north": {"uv": [3, 3.5, 3.5, 3.75], "texture": "#5"},
				"east": {"uv": [3, 3.75, 3.5, 4], "texture": "#5"},
				"south": {"uv": [3.5, 3.75, 4, 4], "texture": "#5"},
				"west": {"uv": [3.5, 3.5, 4, 3.75], "texture": "#5"},
				"up": {"uv": [3, 3, 3.5, 3.5], "texture": "#5"},
				"down": {"uv": [3.5, 3, 4, 3.5], "texture": "#5"}
			}
		},
		{
			"name": "frame_5",
			"from": [5.75, 2, 7.25],
			"to": [6.75, 4, 9.25],
			"rotation": {"angle": -45, "axis": "z", "origin": [6.25, 4, 8.25]},
			"faces": {
				"north": {"uv": [3, 3.5, 3.5, 3.75], "rotation": 90, "texture": "#6"},
				"east": {"uv": [3.5, 3, 4, 3.5], "rotation": 270, "texture": "#6"},
				"south": {"uv": [3.5, 3.75, 4, 4], "rotation": 270, "texture": "#6"},
				"west": {"uv": [3, 3, 3.5, 3.5], "rotation": 270, "texture": "#6"},
				"up": {"uv": [3, 3.75, 3.5, 4], "rotation": 270, "texture": "#6"},
				"down": {"uv": [3.5, 3.5, 4, 3.75], "rotation": 270, "texture": "#6"}
			}
		},
		{
			"name": "frame_6",
			"from": [4.25, 3.5, 7.25],
			"to": [6.25, 4.5, 9.25],
			"rotation": {"angle": 22.5, "axis": "z", "origin": [6.25, 4, 8.25]},
			"faces": {
				"north": {"uv": [3, 3.5, 3.5, 3.75], "texture": "#7"},
				"east": {"uv": [3, 3.75, 3.5, 4], "texture": "#7"},
				"south": {"uv": [3.5, 3.75, 4, 4], "texture": "#7"},
				"west": {"uv": [3.5, 3.5, 4, 3.75], "texture": "#7"},
				"up": {"uv": [3, 3, 3.5, 3.5], "texture": "#7"},
				"down": {"uv": [3.5, 3, 4, 3.5], "texture": "#7"}
			}
		},
		{
			"name": "frame_7",
			"from": [4.25, 3.5, 7.25],
			"to": [6.25, 4.5, 9.25],
			"rotation": {"angle": 0, "axis": "z", "origin": [6.25, 4, 8.25]},
			"faces": {
				"north": {"uv": [3, 3.5, 3.5, 3.75], "texture": "#8"},
				"east": {"uv": [3, 3.75, 3.5, 4], "texture": "#8"},
				"south": {"uv": [3.5, 3.75, 4, 4], "texture": "#8"},
				"west": {"uv": [3.5, 3.5, 4, 3.75], "texture": "#8"},
				"up": {"uv": [3, 3, 3.5, 3.5], "texture": "#8"},
				"down": {"uv": [3.5, 3, 4, 3.5], "texture": "#8"}
			}
		},
		{
			"name": "frame_0",
			"from": [9.75, 3.5, 7.25],
			"to": [11.75, 4.5, 9.25],
			"rotation": {"angle": 22.5, "axis": "z", "origin": [9.75, 4, 8.25]},
			"faces": {
				"north": {"uv": [1, 3.5, 1.5, 3.75], "texture": "#1"},
				"east": {"uv": [0.5, 3.5, 1, 3.75], "texture": "#1"},
				"south": {"uv": [0.5, 3.75, 1, 4], "texture": "#1"},
				"west": {"uv": [1, 3.75, 1.5, 4], "texture": "#1"},
				"up": {"uv": [0.5, 3, 1, 3.5], "texture": "#1"},
				"down": {"uv": [1, 3, 1.5, 3.5], "texture": "#1"}
			}
		},
		{
			"name": "frame_1",
			"from": [9.75, 3.5, 7.25],
			"to": [11.75, 4.5, 9.25],
			"rotation": {"angle": 0, "axis": "z", "origin": [9.75, 4, 8.25]},
			"faces": {
				"north": {"uv": [1, 3.5, 1.5, 3.75], "texture": "#2"},
				"east": {"uv": [0.5, 3.5, 1, 3.75], "texture": "#2"},
				"south": {"uv": [0.5, 3.75, 1, 4], "texture": "#2"},
				"west": {"uv": [1, 3.75, 1.5, 4], "texture": "#2"},
				"up": {"uv": [0.5, 3, 1, 3.5], "texture": "#2"},
				"down": {"uv": [1, 3, 1.5, 3.5], "texture": "#2"}
			}
		},
		{
			"name": "frame_2",
			"from": [9.75, 3.5, 7.25],
			"to": [11.75, 4.5, 9.25],
			"rotation": {"angle": -22.5, "axis": "z", "origin": [9.75, 4, 8.25]},
			"faces": {
				"north": {"uv": [1, 3.5, 1.5, 3.75], "texture": "#3"},
				"east": {"uv": [0.5, 3.5, 1, 3.75], "texture": "#3"},
				"south": {"uv": [0.5, 3.75, 1, 4], "texture": "#3"},
				"west": {"uv": [1, 3.75, 1.5, 4], "texture": "#3"},
				"up": {"uv": [0.5, 3, 1, 3.5], "texture": "#3"},
				"down": {"uv": [1, 3, 1.5, 3.5], "texture": "#3"}
			}
		},
		{
			"name": "frame_3",
			"from": [9.75, 3.5, 7.25],
			"to": [11.75, 4.5, 9.25],
			"rotation": {"angle": -45, "axis": "z", "origin": [9.75, 4, 8.25]},
			"faces": {
				"north": {"uv": [1, 3.5, 1.5, 3.75], "texture": "#4"},
				"east": {"uv": [0.5, 3.5, 1, 3.75], "texture": "#4"},
				"south": {"uv": [0.5, 3.75, 1, 4], "texture": "#4"},
				"west": {"uv": [1, 3.75, 1.5, 4], "texture": "#4"},
				"up": {"uv": [0.5, 3, 1, 3.5], "texture": "#4"},
				"down": {"uv": [1, 3, 1.5, 3.5], "texture": "#4"}
			}
		},
		{
			"name": "frame_4",
			"from": [9.25, 2, 7.25],
			"to": [10.25, 4, 9.25],
			"rotation": {"angle": 22.5, "axis": "z", "origin": [9.75, 4, 8.25]},
			"faces": {
				"north": {"uv": [1, 3.5, 1.5, 3.75], "rotation": 270, "texture": "#5"},
				"east": {"uv": [0.5, 3, 1, 3.5], "rotation": 90, "texture": "#5"},
				"south": {"uv": [0.5, 3.75, 1, 4], "rotation": 90, "texture": "#5"},
				"west": {"uv": [1, 3, 1.5, 3.5], "rotation": 90, "texture": "#5"},
				"up": {"uv": [1, 3.75, 1.5, 4], "rotation": 90, "texture": "#5"},
				"down": {"uv": [0.5, 3.5, 1, 3.75], "rotation": 90, "texture": "#5"}
			}
		},
		{
			"name": "frame_5",
			"from": [9.25, 2, 7.25],
			"to": [10.25, 4, 9.25],
			"rotation": {"angle": 45, "axis": "z", "origin": [9.75, 4, 8.25]},
			"faces": {
				"north": {"uv": [1, 3.5, 1.5, 3.75], "rotation": 270, "texture": "#6"},
				"east": {"uv": [0.5, 3, 1, 3.5], "rotation": 90, "texture": "#6"},
				"south": {"uv": [0.5, 3.75, 1, 4], "rotation": 90, "texture": "#6"},
				"west": {"uv": [1, 3, 1.5, 3.5], "rotation": 90, "texture": "#6"},
				"up": {"uv": [1, 3.75, 1.5, 4], "rotation": 90, "texture": "#6"},
				"down": {"uv": [0.5, 3.5, 1, 3.75], "rotation": 90, "texture": "#6"}
			}
		},
		{
			"name": "frame_6",
			"from": [9.75, 3.5, 7.25],
			"to": [11.75, 4.5, 9.25],
			"rotation": {"angle": -22.5, "axis": "z", "origin": [9.75, 4, 8.25]},
			"faces": {
				"north": {"uv": [1, 3.5, 1.5, 3.75], "texture": "#7"},
				"east": {"uv": [0.5, 3.5, 1, 3.75], "texture": "#7"},
				"south": {"uv": [0.5, 3.75, 1, 4], "texture": "#7"},
				"west": {"uv": [1, 3.75, 1.5, 4], "texture": "#7"},
				"up": {"uv": [0.5, 3, 1, 3.5], "texture": "#7"},
				"down": {"uv": [1, 3, 1.5, 3.5], "texture": "#7"}
			}
		},
		{
			"name": "frame_7",
			"from": [9.75, 3.5, 7.25],
			"to": [11.75, 4.5, 9.25],
			"rotation": {"angle": 0, "axis": "z", "origin": [9.75, 4, 8.25]},
			"faces": {
				"north": {"uv": [1, 3.5, 1.5, 3.75], "texture": "#8"},
				"east": {"uv": [0.5, 3.5, 1, 3.75], "texture": "#8"},
				"south": {"uv": [0.5, 3.75, 1, 4], "texture": "#8"},
				"west": {"uv": [1, 3.75, 1.5, 4], "texture": "#8"},
				"up": {"uv": [0.5, 3, 1, 3.5], "texture": "#8"},
				"down": {"uv": [1, 3, 1.5, 3.5], "texture": "#8"}
			}
		},
		{
			"name": "leg",
			"from": [8.45, 0.05, 9.325],
			"to": [9.45, 1.05, 9.325],
			"rotation": {"angle": 0, "axis": "x", "origin": [8.95, 1.05, 9.325]},
			"faces": {
				"north": {"uv": [4.5, 0, 4.75, 0.25], "texture": "#0"},
				"east": {"uv": [4.5, 0, 4.75, 0.25], "texture": "#0"},
				"south": {"uv": [4.5, 0, 4.75, 0.25], "texture": "#0"},
				"west": {"uv": [4.5, 0, 4.75, 0.25], "texture": "#0"},
				"up": {"uv": [4.5, 0, 4.75, 0.25], "texture": "#0"},
				"down": {"uv": [4.5, 0, 4.75, 0.25], "texture": "#0"}
			}
		},
		{
			"name": "foot",
			"from": [8.45, 0.05, 8.325],
			"to": [9.45, 0.05, 9.325],
			"rotation": {"angle": 0, "axis": "x", "origin": [8.95, 1.05, 9.325]},
			"faces": {
				"north": {"uv": [4.5, 0.25, 4.75, 0.5], "texture": "#0"},
				"east": {"uv": [4.5, 0.25, 4.75, 0.5], "texture": "#0"},
				"south": {"uv": [4.5, 0.25, 4.75, 0.5], "texture": "#0"},
				"west": {"uv": [4.5, 0.25, 4.75, 0.5], "texture": "#0"},
				"up": {"uv": [4.5, 0.25, 4.75, 0.5], "texture": "#0"},
				"down": {"uv": [4.5, 0.25, 4.75, 0.5], "texture": "#0"}
			}
		},
		{
			"name": "leg",
			"from": [6.45, 0.05, 9.325],
			"to": [7.45, 1.05, 9.325],
			"rotation": {"angle": 0, "axis": "x", "origin": [6.95, 1.05, 9.325]},
			"faces": {
				"north": {"uv": [5, 0, 5.25, 0.25], "texture": "#0"},
				"east": {"uv": [5, 0, 5.25, 0.25], "texture": "#0"},
				"south": {"uv": [5, 0, 5.25, 0.25], "texture": "#0"},
				"west": {"uv": [5, 0, 5.25, 0.25], "texture": "#0"},
				"up": {"uv": [5, 0, 5.25, 0.25], "texture": "#0"},
				"down": {"uv": [5, 0, 5.25, 0.25], "texture": "#0"}
			}
		},
		{
			"name": "foot",
			"from": [6.45, 0.05, 8.325],
			"to": [7.45, 0.05, 9.325],
			"rotation": {"angle": 0, "axis": "x", "origin": [6.95, 1.05, 9.325]},
			"faces": {
				"north": {"uv": [5, 0.25, 5.25, 0.5], "texture": "#0"},
				"east": {"uv": [5, 0.25, 5.25, 0.5], "texture": "#0"},
				"south": {"uv": [5, 0.25, 5.25, 0.5], "texture": "#0"},
				"west": {"uv": [5, 0.25, 5.25, 0.5], "texture": "#0"},
				"up": {"uv": [5, 0.25, 5.25, 0.5], "texture": "#0"},
				"down": {"uv": [5, 0.25, 5.25, 0.5], "texture": "#0"}
			}
		}
	],
	"display": {
		"thirdperson_righthand": {
			"rotation": [75, 45, 0],
			"translation": [0, 2.5, 0],
			"scale": [0.375, 0.375, 0.375]
		},
		"firstperson_righthand": {
			"rotation": [0, 45, 0],
			"scale": [0.4, 0.4, 0.4]
		},
		"firstperson_lefthand": {
			"rotation": [0, 225, 0],
			"scale": [0.4, 0.4, 0.4]
		},
		"ground": {
			"translation": [0, 3, 0],
			"scale": [0.25, 0.25, 0.25]
		},
		"gui": {
			"rotation": [30, 225, 0],
			"translation": [0, 2, 0]
		},
		"head": {
			"translation": [0, -39, 0],
			"scale": [2, 2, 2]
		},
		"fixed": {
			"scale": [0.5, 0.5, 0.5]
		}
	},
	"groups": [
		{
			"name": "chcken",
			"origin": [8, 8, 8],
			"color": 0,
			"children": [
				0,
				1,
				2,
				{
					"name": "left_wing",
					"origin": [6.25, 4, 8.5],
					"color": 0,
					"children": [3, 4, 5, 6, 7, 8, 9, 10]
				},
				{
					"name": "right_wing",
					"origin": [6.25, 4, 8.5],
					"color": 0,
					"children": [11, 12, 13, 14, 15, 16, 17, 18]
				},
				{
					"name": "leg_right",
					"origin": [8, 8, 8],
					"color": 0,
					"children": [19, 20]
				},
				{
					"name": "leg_left",
					"origin": [8, 8, 8],
					"color": 0,
					"children": [21, 22]
				}
			]
		}
	]
}