{
	"textures": {
		"0": "#texture_body",
		"1": "#texture_frame_0",
		"2": "#texture_frame_1",
		"3": "#texture_frame_2",
		"4": "#texture_frame_3",
		"5": "#texture_frame_4",
		"6": "#texture_frame_5",
		"7": "#texture_frame_6",
		"8": "#texture_frame_7",
		"particle": "#texture_body"
	},
	"elements": [
		{
			"name": "snout",
			"from": [6.5, 3, 0],
			"to": [9.5, 5.25, 1.75],
			"rotation": {"angle": 0, "axis": "x", "origin": [8, 5.25, 4]},
			"faces": {
				"north": {"uv": [1, 2.5, 1.75, 3.25], "texture": "#0"},
				"east": {"uv": [0.5, 2.5, 1, 3.25], "texture": "#0"},
				"south": {"uv": [2.25, 2.5, 3, 3.25], "texture": "#0"},
				"west": {"uv": [1.75, 2.5, 2.25, 3.25], "texture": "#0"},
				"up": {"uv": [1, 2, 1.75, 2.5], "rotation": 180, "texture": "#0"},
				"down": {"uv": [1.75, 2, 2.5, 2.5], "texture": "#0"}
			}
		},
		{
			"name": "head",
			"from": [5.5, 3, 1.75],
			"to": [10.5, 7.5, 4.75],
			"rotation": {"angle": 0, "axis": "x", "origin": [8, 5.25, 4]},
			"faces": {
				"north": {"uv": [0.75, 0.75, 2.25, 2], "texture": "#0"},
				"east": {"uv": [0, 0.75, 0.75, 2], "texture": "#0"},
				"south": {"uv": [3, 0.75, 4.5, 2], "texture": "#0"},
				"west": {"uv": [2.25, 0.75, 3, 2], "texture": "#0"},
				"up": {"uv": [0.75, 0, 2.25, 0.75], "texture": "#0"},
				"down": {"uv": [2.25, 0, 3.75, 0.75], "texture": "#0"}
			}
		},
		{
			"name": "ear_r",
			"from": [9, 7.5, 3.5],
			"to": [10.5, 8.5, 4.25],
			"rotation": {"angle": 0, "axis": "x", "origin": [8, 5.25, 4]},
			"faces": {
				"north": {"uv": [3.5, 2.75, 4, 3.25], "texture": "#0"},
				"east": {"uv": [3.25, 2.75, 3.5, 3.25], "texture": "#0"},
				"south": {"uv": [4.25, 2.75, 4.75, 3.25], "texture": "#0"},
				"west": {"uv": [4, 2.75, 4.25, 3.25], "texture": "#0"},
				"up": {"uv": [3.5, 2.5, 4, 2.75], "texture": "#0"},
				"down": {"uv": [4, 2.5, 4.5, 2.75], "texture": "#0"}
			}
		},
		{
			"name": "ear_l",
			"from": [5.5, 7.5, 3.5],
			"to": [7, 8.5, 4.25],
			"rotation": {"angle": 0, "axis": "x", "origin": [8, 5.25, 4]},
			"faces": {
				"north": {"uv": [3.5, 2.75, 4, 3.25], "texture": "#0"},
				"east": {"uv": [3.25, 2.75, 3.5, 3.25], "texture": "#0"},
				"south": {"uv": [4.25, 2.75, 4.75, 3.25], "texture": "#0"},
				"west": {"uv": [4, 2.75, 4.25, 3.25], "texture": "#0"},
				"up": {"uv": [3.5, 2.5, 4, 2.75], "texture": "#0"},
				"down": {"uv": [4, 2.5, 4.5, 2.75], "texture": "#0"}
			}
		},
		{
			"name": "collar",
			"from": [4.925, 2.7, 4.1],
			"to": [11.075, 8.075, 7.825],
			"rotation": {"angle": 0, "axis": "x", "origin": [8, 5.5, 7.75]},
			"faces": {
				"north": {"uv": [12, 14.75, 13.5, 16], "texture": "#0", "tintindex": 0},
				"east": {"uv": [11, 14.75, 12, 16], "texture": "#0", "tintindex": 0},
				"south": {"uv": [14.5, 14.75, 16, 16], "texture": "#0", "tintindex": 0},
				"west": {"uv": [13.5, 14.75, 14.5, 16], "texture": "#0", "tintindex": 0},
				"up": {"uv": [12, 13.75, 13.5, 14.75], "rotation": 180, "texture": "#0", "tintindex": 0},
				"down": {"uv": [13.5, 13.75, 15, 14.75], "texture": "#0", "tintindex": 0}
			}
		},
		{
			"name": "fluff",
			"from": [5, 2.75, 4.25],
			"to": [11, 8, 7.75],
			"rotation": {"angle": 0, "axis": "x", "origin": [8, 5.5, 7.75]},
			"faces": {
				"north": {"uv": [5.75, 1, 7.25, 2.25], "texture": "#0"},
				"east": {"uv": [4.75, 1, 5.75, 2.25], "texture": "#0"},
				"south": {"uv": [8.25, 1, 9.75, 2.25], "texture": "#0"},
				"west": {"uv": [7.25, 1, 8.25, 2.25], "texture": "#0"},
				"up": {"uv": [5.75, 0, 7.25, 1], "rotation": 180, "texture": "#0"},
				"down": {"uv": [7.25, 0, 8.75, 1], "texture": "#0"}
			}
		},
		{
			"name": "body",
			"from": [5.5, 2.75, 7.75],
			"to": [10.5, 7.25, 12.5],
			"rotation": {"angle": 0, "axis": "y", "origin": [8, 4.75, 10]},
			"faces": {
				"north": {"uv": [6, 2.75, 7.5, 4], "texture": "#0"},
				"east": {"uv": [4.5, 4, 6, 5.5], "rotation": 90, "texture": "#0"},
				"south": {"uv": [7.5, 2.75, 9, 4], "texture": "#0"},
				"west": {"uv": [7.5, 4, 9, 5.5], "rotation": 270, "texture": "#0"},
				"up": {"uv": [9, 4, 10.5, 5.5], "texture": "#0"},
				"down": {"uv": [6, 4, 7.5, 5.5], "rotation": 180, "texture": "#0"}
			}
		},
		{
			"name": "frame_1",
			"from": [8.75, 0, 4.5],
			"to": [10.25, 3, 6],
			"rotation": {"angle": 22.5, "axis": "x", "origin": [9.5, 2.75, 5.25]},
			"faces": {
				"north": {"uv": [0.5, 4, 1, 5.25], "texture": "#1"},
				"east": {"uv": [0, 4, 0.5, 5.25], "texture": "#1"},
				"south": {"uv": [1.5, 4, 2, 5.25], "texture": "#1"},
				"west": {"uv": [1, 4, 1.5, 5.25], "texture": "#1"},
				"up": {"uv": [0.5, 3.5, 1, 4], "texture": "#1"},
				"down": {"uv": [1, 3.5, 1.5, 4], "texture": "#1"}
			}
		},
		{
			"name": "frame_2",
			"from": [8.75, 0, 4.5],
			"to": [10.25, 3, 6],
			"rotation": {"angle": 45, "axis": "x", "origin": [9.5, 2.75, 5.25]},
			"faces": {
				"north": {"uv": [0.5, 4, 1, 5.25], "texture": "#2"},
				"east": {"uv": [0, 4, 0.5, 5.25], "texture": "#2"},
				"south": {"uv": [1.5, 4, 2, 5.25], "texture": "#2"},
				"west": {"uv": [1, 4, 1.5, 5.25], "texture": "#2"},
				"up": {"uv": [0.5, 3.5, 1, 4], "texture": "#2"},
				"down": {"uv": [1, 3.5, 1.5, 4], "texture": "#2"}
			}
		},
		{
			"name": "frame_3",
			"from": [8.75, 0, 4.5],
			"to": [10.25, 3, 6],
			"rotation": {"angle": 22.5, "axis": "x", "origin": [9.5, 2.75, 5.25]},
			"faces": {
				"north": {"uv": [0.5, 4, 1, 5.25], "texture": "#3"},
				"east": {"uv": [0, 4, 0.5, 5.25], "texture": "#3"},
				"south": {"uv": [1.5, 4, 2, 5.25], "texture": "#3"},
				"west": {"uv": [1, 4, 1.5, 5.25], "texture": "#3"},
				"up": {"uv": [0.5, 3.5, 1, 4], "texture": "#3"},
				"down": {"uv": [1, 3.5, 1.5, 4], "texture": "#3"}
			}
		},
		{
			"name": "frame_4",
			"from": [8.75, 0, 4.5],
			"to": [10.25, 3, 6],
			"rotation": {"angle": 0, "axis": "x", "origin": [9.5, 2.75, 5.25]},
			"faces": {
				"north": {"uv": [0.5, 4, 1, 5.25], "texture": "#4"},
				"east": {"uv": [0, 4, 0.5, 5.25], "texture": "#4"},
				"south": {"uv": [1.5, 4, 2, 5.25], "texture": "#4"},
				"west": {"uv": [1, 4, 1.5, 5.25], "texture": "#4"},
				"up": {"uv": [0.5, 3.5, 1, 4], "texture": "#4"},
				"down": {"uv": [1, 3.5, 1.5, 4], "texture": "#4"}
			}
		},
		{
			"name": "frame_5",
			"from": [8.75, 0, 4.5],
			"to": [10.25, 3, 6],
			"rotation": {"angle": -22.5, "axis": "x", "origin": [9.5, 2.75, 5.25]},
			"faces": {
				"north": {"uv": [0.5, 4, 1, 5.25], "texture": "#5"},
				"east": {"uv": [0, 4, 0.5, 5.25], "texture": "#5"},
				"south": {"uv": [1.5, 4, 2, 5.25], "texture": "#5"},
				"west": {"uv": [1, 4, 1.5, 5.25], "texture": "#5"},
				"up": {"uv": [0.5, 3.5, 1, 4], "texture": "#5"},
				"down": {"uv": [1, 3.5, 1.5, 4], "texture": "#5"}
			}
		},
		{
			"name": "frame_6",
			"from": [8.75, 0, 4.5],
			"to": [10.25, 3, 6],
			"rotation": {"angle": -45, "axis": "x", "origin": [9.5, 2.75, 5.25]},
			"faces": {
				"north": {"uv": [0.5, 4, 1, 5.25], "texture": "#6"},
				"east": {"uv": [0, 4, 0.5, 5.25], "texture": "#6"},
				"south": {"uv": [1.5, 4, 2, 5.25], "texture": "#6"},
				"west": {"uv": [1, 4, 1.5, 5.25], "texture": "#6"},
				"up": {"uv": [0.5, 3.5, 1, 4], "texture": "#6"},
				"down": {"uv": [1, 3.5, 1.5, 4], "texture": "#6"}
			}
		},
		{
			"name": "frame_7",
			"from": [8.75, 0, 4.5],
			"to": [10.25, 3, 6],
			"rotation": {"angle": -22.5, "axis": "x", "origin": [9.5, 2.75, 5.25]},
			"faces": {
				"north": {"uv": [0.5, 4, 1, 5.25], "texture": "#7"},
				"east": {"uv": [0, 4, 0.5, 5.25], "texture": "#7"},
				"south": {"uv": [1.5, 4, 2, 5.25], "texture": "#7"},
				"west": {"uv": [1, 4, 1.5, 5.25], "texture": "#7"},
				"up": {"uv": [0.5, 3.5, 1, 4], "texture": "#7"},
				"down": {"uv": [1, 3.5, 1.5, 4], "texture": "#7"}
			}
		},
		{
			"name": "frame_8",
			"from": [8.75, 0, 4.5],
			"to": [10.25, 3, 6],
			"rotation": {"angle": 0, "axis": "x", "origin": [9.5, 2.75, 5.25]},
			"faces": {
				"north": {"uv": [0.5, 4, 1, 5.25], "texture": "#8"},
				"east": {"uv": [0, 4, 0.5, 5.25], "texture": "#8"},
				"south": {"uv": [1.5, 4, 2, 5.25], "texture": "#8"},
				"west": {"uv": [1, 4, 1.5, 5.25], "texture": "#8"},
				"up": {"uv": [0.5, 3.5, 1, 4], "texture": "#8"},
				"down": {"uv": [1, 3.5, 1.5, 4], "texture": "#8"}
			}
		},
		{
			"name": "frame_1",
			"from": [5.75, 0, 4.5],
			"to": [7.25, 3, 6],
			"rotation": {"angle": -22.5, "axis": "x", "origin": [6.5, 2.75, 5.25]},
			"faces": {
				"north": {"uv": [0.5, 4, 1, 5.25], "texture": "#1"},
				"east": {"uv": [0, 4, 0.5, 5.25], "texture": "#1"},
				"south": {"uv": [1.5, 4, 2, 5.25], "texture": "#1"},
				"west": {"uv": [1, 4, 1.5, 5.25], "texture": "#1"},
				"up": {"uv": [0.5, 3.5, 1, 4], "texture": "#1"},
				"down": {"uv": [1, 3.5, 1.5, 4], "texture": "#1"}
			}
		},
		{
			"name": "frame_2",
			"from": [5.75, 0, 4.5],
			"to": [7.25, 3, 6],
			"rotation": {"angle": -45, "axis": "x", "origin": [6.5, 2.75, 5.25]},
			"faces": {
				"north": {"uv": [0.5, 4, 1, 5.25], "texture": "#2"},
				"east": {"uv": [0, 4, 0.5, 5.25], "texture": "#2"},
				"south": {"uv": [1.5, 4, 2, 5.25], "texture": "#2"},
				"west": {"uv": [1, 4, 1.5, 5.25], "texture": "#2"},
				"up": {"uv": [0.5, 3.5, 1, 4], "texture": "#2"},
				"down": {"uv": [1, 3.5, 1.5, 4], "texture": "#2"}
			}
		},
		{
			"name": "frame_3",
			"from": [5.75, 0, 4.5],
			"to": [7.25, 3, 6],
			"rotation": {"angle": -22.5, "axis": "x", "origin": [6.5, 2.75, 5.25]},
			"faces": {
				"north": {"uv": [0.5, 4, 1, 5.25], "texture": "#3"},
				"east": {"uv": [0, 4, 0.5, 5.25], "texture": "#3"},
				"south": {"uv": [1.5, 4, 2, 5.25], "texture": "#3"},
				"west": {"uv": [1, 4, 1.5, 5.25], "texture": "#3"},
				"up": {"uv": [0.5, 3.5, 1, 4], "texture": "#3"},
				"down": {"uv": [1, 3.5, 1.5, 4], "texture": "#3"}
			}
		},
		{
			"name": "frame_4",
			"from": [5.75, 0, 4.5],
			"to": [7.25, 3, 6],
			"rotation": {"angle": 0, "axis": "x", "origin": [6.5, 2.75, 5.25]},
			"faces": {
				"north": {"uv": [0.5, 4, 1, 5.25], "texture": "#4"},
				"east": {"uv": [0, 4, 0.5, 5.25], "texture": "#4"},
				"south": {"uv": [1.5, 4, 2, 5.25], "texture": "#4"},
				"west": {"uv": [1, 4, 1.5, 5.25], "texture": "#4"},
				"up": {"uv": [0.5, 3.5, 1, 4], "texture": "#4"},
				"down": {"uv": [1, 3.5, 1.5, 4], "texture": "#4"}
			}
		},
		{
			"name": "frame_5",
			"from": [5.75, 0, 4.5],
			"to": [7.25, 3, 6],
			"rotation": {"angle": 22.5, "axis": "x", "origin": [6.5, 2.75, 5.25]},
			"faces": {
				"north": {"uv": [0.5, 4, 1, 5.25], "texture": "#5"},
				"east": {"uv": [0, 4, 0.5, 5.25], "texture": "#5"},
				"south": {"uv": [1.5, 4, 2, 5.25], "texture": "#5"},
				"west": {"uv": [1, 4, 1.5, 5.25], "texture": "#5"},
				"up": {"uv": [0.5, 3.5, 1, 4], "texture": "#5"},
				"down": {"uv": [1, 3.5, 1.5, 4], "texture": "#5"}
			}
		},
		{
			"name": "frame_6",
			"from": [5.75, 0, 4.5],
			"to": [7.25, 3, 6],
			"rotation": {"angle": 45, "axis": "x", "origin": [6.5, 2.75, 5.25]},
			"faces": {
				"north": {"uv": [0.5, 4, 1, 5.25], "texture": "#6"},
				"east": {"uv": [0, 4, 0.5, 5.25], "texture": "#6"},
				"south": {"uv": [1.5, 4, 2, 5.25], "texture": "#6"},
				"west": {"uv": [1, 4, 1.5, 5.25], "texture": "#6"},
				"up": {"uv": [0.5, 3.5, 1, 4], "texture": "#6"},
				"down": {"uv": [1, 3.5, 1.5, 4], "texture": "#6"}
			}
		},
		{
			"name": "frame_7",
			"from": [5.75, 0, 4.5],
			"to": [7.25, 3, 6],
			"rotation": {"angle": 22.5, "axis": "x", "origin": [6.5, 2.75, 5.25]},
			"faces": {
				"north": {"uv": [0.5, 4, 1, 5.25], "texture": "#7"},
				"east": {"uv": [0, 4, 0.5, 5.25], "texture": "#7"},
				"south": {"uv": [1.5, 4, 2, 5.25], "texture": "#7"},
				"west": {"uv": [1, 4, 1.5, 5.25], "texture": "#7"},
				"up": {"uv": [0.5, 3.5, 1, 4], "texture": "#7"},
				"down": {"uv": [1, 3.5, 1.5, 4], "texture": "#7"}
			}
		},
		{
			"name": "frame_8",
			"from": [5.75, 0, 4.5],
			"to": [7.25, 3, 6],
			"rotation": {"angle": 0, "axis": "x", "origin": [6.5, 2.75, 5.25]},
			"faces": {
				"north": {"uv": [0.5, 4, 1, 5.25], "texture": "#8"},
				"east": {"uv": [0, 4, 0.5, 5.25], "texture": "#8"},
				"south": {"uv": [1.5, 4, 2, 5.25], "texture": "#8"},
				"west": {"uv": [1, 4, 1.5, 5.25], "texture": "#8"},
				"up": {"uv": [0.5, 3.5, 1, 4], "texture": "#8"},
				"down": {"uv": [1, 3.5, 1.5, 4], "texture": "#8"}
			}
		},
		{
			"name": "frame_1",
			"from": [8.75, 0, 10.25],
			"to": [10.25, 3, 11.75],
			"rotation": {"angle": -22.5, "axis": "x", "origin": [9.5, 2.75, 11]},
			"faces": {
				"north": {"uv": [0.5, 4, 1, 5.25], "texture": "#1"},
				"east": {"uv": [0, 4, 0.5, 5.25], "texture": "#1"},
				"south": {"uv": [1.5, 4, 2, 5.25], "texture": "#1"},
				"west": {"uv": [1, 4, 1.5, 5.25], "texture": "#1"},
				"up": {"uv": [0.5, 3.5, 1, 4], "texture": "#1"},
				"down": {"uv": [1, 3.5, 1.5, 4], "texture": "#1"}
			}
		},
		{
			"name": "frame_2",
			"from": [8.75, 0, 10.25],
			"to": [10.25, 3, 11.75],
			"rotation": {"angle": -45, "axis": "x", "origin": [9.5, 2.75, 11]},
			"faces": {
				"north": {"uv": [0.5, 4, 1, 5.25], "texture": "#2"},
				"east": {"uv": [0, 4, 0.5, 5.25], "texture": "#2"},
				"south": {"uv": [1.5, 4, 2, 5.25], "texture": "#2"},
				"west": {"uv": [1, 4, 1.5, 5.25], "texture": "#2"},
				"up": {"uv": [0.5, 3.5, 1, 4], "texture": "#2"},
				"down": {"uv": [1, 3.5, 1.5, 4], "texture": "#2"}
			}
		},
		{
			"name": "frame_3",
			"from": [8.75, 0, 10.25],
			"to": [10.25, 3, 11.75],
			"rotation": {"angle": -22.5, "axis": "x", "origin": [9.5, 2.75, 11]},
			"faces": {
				"north": {"uv": [0.5, 4, 1, 5.25], "texture": "#3"},
				"east": {"uv": [0, 4, 0.5, 5.25], "texture": "#3"},
				"south": {"uv": [1.5, 4, 2, 5.25], "texture": "#3"},
				"west": {"uv": [1, 4, 1.5, 5.25], "texture": "#3"},
				"up": {"uv": [0.5, 3.5, 1, 4], "texture": "#3"},
				"down": {"uv": [1, 3.5, 1.5, 4], "texture": "#3"}
			}
		},
		{
			"name": "frame_4",
			"from": [8.75, 0, 10.25],
			"to": [10.25, 3, 11.75],
			"rotation": {"angle": 0, "axis": "x", "origin": [9.5, 2.75, 11]},
			"faces": {
				"north": {"uv": [0.5, 4, 1, 5.25], "texture": "#4"},
				"east": {"uv": [0, 4, 0.5, 5.25], "texture": "#4"},
				"south": {"uv": [1.5, 4, 2, 5.25], "texture": "#4"},
				"west": {"uv": [1, 4, 1.5, 5.25], "texture": "#4"},
				"up": {"uv": [0.5, 3.5, 1, 4], "texture": "#4"},
				"down": {"uv": [1, 3.5, 1.5, 4], "texture": "#4"}
			}
		},
		{
			"name": "frame_5",
			"from": [8.75, 0, 10.25],
			"to": [10.25, 3, 11.75],
			"rotation": {"angle": 22.5, "axis": "x", "origin": [9.5, 2.75, 11]},
			"faces": {
				"north": {"uv": [0.5, 4, 1, 5.25], "texture": "#5"},
				"east": {"uv": [0, 4, 0.5, 5.25], "texture": "#5"},
				"south": {"uv": [1.5, 4, 2, 5.25], "texture": "#5"},
				"west": {"uv": [1, 4, 1.5, 5.25], "texture": "#5"},
				"up": {"uv": [0.5, 3.5, 1, 4], "texture": "#5"},
				"down": {"uv": [1, 3.5, 1.5, 4], "texture": "#5"}
			}
		},
		{
			"name": "frame_6",
			"from": [8.75, 0, 10.25],
			"to": [10.25, 3, 11.75],
			"rotation": {"angle": 45, "axis": "x", "origin": [9.5, 2.75, 11]},
			"faces": {
				"north": {"uv": [0.5, 4, 1, 5.25], "texture": "#6"},
				"east": {"uv": [0, 4, 0.5, 5.25], "texture": "#6"},
				"south": {"uv": [1.5, 4, 2, 5.25], "texture": "#6"},
				"west": {"uv": [1, 4, 1.5, 5.25], "texture": "#6"},
				"up": {"uv": [0.5, 3.5, 1, 4], "texture": "#6"},
				"down": {"uv": [1, 3.5, 1.5, 4], "texture": "#6"}
			}
		},
		{
			"name": "frame_7",
			"from": [8.75, 0, 10.25],
			"to": [10.25, 3, 11.75],
			"rotation": {"angle": 22.5, "axis": "x", "origin": [9.5, 2.75, 11]},
			"faces": {
				"north": {"uv": [0.5, 4, 1, 5.25], "texture": "#7"},
				"east": {"uv": [0, 4, 0.5, 5.25], "texture": "#7"},
				"south": {"uv": [1.5, 4, 2, 5.25], "texture": "#7"},
				"west": {"uv": [1, 4, 1.5, 5.25], "texture": "#7"},
				"up": {"uv": [0.5, 3.5, 1, 4], "texture": "#7"},
				"down": {"uv": [1, 3.5, 1.5, 4], "texture": "#7"}
			}
		},
		{
			"name": "frame_8",
			"from": [8.75, 0, 10.25],
			"to": [10.25, 3, 11.75],
			"rotation": {"angle": 0, "axis": "x", "origin": [9.5, 2.75, 11]},
			"faces": {
				"north": {"uv": [0.5, 4, 1, 5.25], "texture": "#8"},
				"east": {"uv": [0, 4, 0.5, 5.25], "texture": "#8"},
				"south": {"uv": [1.5, 4, 2, 5.25], "texture": "#8"},
				"west": {"uv": [1, 4, 1.5, 5.25], "texture": "#8"},
				"up": {"uv": [0.5, 3.5, 1, 4], "texture": "#8"},
				"down": {"uv": [1, 3.5, 1.5, 4], "texture": "#8"}
			}
		},
		{
			"name": "frame_1",
			"from": [5.75, 0, 10.25],
			"to": [7.25, 3, 11.75],
			"rotation": {"angle": 22.5, "axis": "x", "origin": [6.5, 2.75, 11]},
			"faces": {
				"north": {"uv": [0.5, 4, 1, 5.25], "texture": "#1"},
				"east": {"uv": [0, 4, 0.5, 5.25], "texture": "#1"},
				"south": {"uv": [1.5, 4, 2, 5.25], "texture": "#1"},
				"west": {"uv": [1, 4, 1.5, 5.25], "texture": "#1"},
				"up": {"uv": [0.5, 3.5, 1, 4], "texture": "#1"},
				"down": {"uv": [1, 3.5, 1.5, 4], "texture": "#1"}
			}
		},
		{
			"name": "frame_2",
			"from": [5.75, 0, 10.25],
			"to": [7.25, 3, 11.75],
			"rotation": {"angle": 45, "axis": "x", "origin": [6.5, 2.75, 11]},
			"faces": {
				"north": {"uv": [0.5, 4, 1, 5.25], "texture": "#2"},
				"east": {"uv": [0, 4, 0.5, 5.25], "texture": "#2"},
				"south": {"uv": [1.5, 4, 2, 5.25], "texture": "#2"},
				"west": {"uv": [1, 4, 1.5, 5.25], "texture": "#2"},
				"up": {"uv": [0.5, 3.5, 1, 4], "texture": "#2"},
				"down": {"uv": [1, 3.5, 1.5, 4], "texture": "#2"}
			}
		},
		{
			"name": "frame_3",
			"from": [5.75, 0, 10.25],
			"to": [7.25, 3, 11.75],
			"rotation": {"angle": 22.5, "axis": "x", "origin": [6.5, 2.75, 11]},
			"faces": {
				"north": {"uv": [0.5, 4, 1, 5.25], "texture": "#3"},
				"east": {"uv": [0, 4, 0.5, 5.25], "texture": "#3"},
				"south": {"uv": [1.5, 4, 2, 5.25], "texture": "#3"},
				"west": {"uv": [1, 4, 1.5, 5.25], "texture": "#3"},
				"up": {"uv": [0.5, 3.5, 1, 4], "texture": "#3"},
				"down": {"uv": [1, 3.5, 1.5, 4], "texture": "#3"}
			}
		},
		{
			"name": "frame_4",
			"from": [5.75, 0, 10.25],
			"to": [7.25, 3, 11.75],
			"rotation": {"angle": 0, "axis": "x", "origin": [6.5, 2.75, 11]},
			"faces": {
				"north": {"uv": [0.5, 4, 1, 5.25], "texture": "#4"},
				"east": {"uv": [0, 4, 0.5, 5.25], "texture": "#4"},
				"south": {"uv": [1.5, 4, 2, 5.25], "texture": "#4"},
				"west": {"uv": [1, 4, 1.5, 5.25], "texture": "#4"},
				"up": {"uv": [0.5, 3.5, 1, 4], "texture": "#4"},
				"down": {"uv": [1, 3.5, 1.5, 4], "texture": "#4"}
			}
		},
		{
			"name": "frame_5",
			"from": [5.75, 0, 10.25],
			"to": [7.25, 3, 11.75],
			"rotation": {"angle": -22.5, "axis": "x", "origin": [6.5, 2.75, 11]},
			"faces": {
				"north": {"uv": [0.5, 4, 1, 5.25], "texture": "#5"},
				"east": {"uv": [0, 4, 0.5, 5.25], "texture": "#5"},
				"south": {"uv": [1.5, 4, 2, 5.25], "texture": "#5"},
				"west": {"uv": [1, 4, 1.5, 5.25], "texture": "#5"},
				"up": {"uv": [0.5, 3.5, 1, 4], "texture": "#5"},
				"down": {"uv": [1, 3.5, 1.5, 4], "texture": "#5"}
			}
		},
		{
			"name": "frame_6",
			"from": [5.75, 0, 10.25],
			"to": [7.25, 3, 11.75],
			"rotation": {"angle": -45, "axis": "x", "origin": [6.5, 2.75, 11]},
			"faces": {
				"north": {"uv": [0.5, 4, 1, 5.25], "texture": "#6"},
				"east": {"uv": [0, 4, 0.5, 5.25], "texture": "#6"},
				"south": {"uv": [1.5, 4, 2, 5.25], "texture": "#6"},
				"west": {"uv": [1, 4, 1.5, 5.25], "texture": "#6"},
				"up": {"uv": [0.5, 3.5, 1, 4], "texture": "#6"},
				"down": {"uv": [1, 3.5, 1.5, 4], "texture": "#6"}
			}
		},
		{
			"name": "frame_7",
			"from": [5.75, 0, 10.25],
			"to": [7.25, 3, 11.75],
			"rotation": {"angle": -22.5, "axis": "x", "origin": [6.5, 2.75, 11]},
			"faces": {
				"north": {"uv": [0.5, 4, 1, 5.25], "texture": "#7"},
				"east": {"uv": [0, 4, 0.5, 5.25], "texture": "#7"},
				"south": {"uv": [1.5, 4, 2, 5.25], "texture": "#7"},
				"west": {"uv": [1, 4, 1.5, 5.25], "texture": "#7"},
				"up": {"uv": [0.5, 3.5, 1, 4], "texture": "#7"},
				"down": {"uv": [1, 3.5, 1.5, 4], "texture": "#7"}
			}
		},
		{
			"name": "frame_8",
			"from": [5.75, 0, 10.25],
			"to": [7.25, 3, 11.75],
			"rotation": {"angle": 0, "axis": "x", "origin": [6.5, 2.75, 11]},
			"faces": {
				"north": {"uv": [0.5, 4, 1, 5.25], "texture": "#8"},
				"east": {"uv": [0, 4, 0.5, 5.25], "texture": "#8"},
				"south": {"uv": [1.5, 4, 2, 5.25], "texture": "#8"},
				"west": {"uv": [1, 4, 1.5, 5.25], "texture": "#8"},
				"up": {"uv": [0.5, 3.5, 1, 4], "texture": "#8"},
				"down": {"uv": [1, 3.5, 1.5, 4], "texture": "#8"}
			}
		},
		{
			"name": "tail",
			"from": [7.25, 5.5, 11.5],
			"to": [8.75, 7, 16],
			"rotation": {"angle": 0, "axis": "x", "origin": [8, 6.25, 12.5]},
			"faces": {
				"north": {"uv": [2.75, 3.5, 3.25, 4], "rotation": 180, "texture": "#0"},
				"east": {"uv": [2.25, 4, 2.75, 5.25], "rotation": 90, "texture": "#0"},
				"south": {"uv": [3.25, 3.5, 3.75, 4], "texture": "#0"},
				"west": {"uv": [3.25, 4, 3.75, 5.25], "rotation": 270, "texture": "#0"},
				"up": {"uv": [3.75, 4, 4.25, 5.25], "texture": "#0"},
				"down": {"uv": [2.75, 4, 3.25, 5.25], "rotation": 180, "texture": "#0"}
			}
		}
	],
	"display": {
		"thirdperson_righthand": {
			"rotation": [75, 45, 0],
			"translation": [0, 2.5, 0],
			"scale": [0.375, 0.375, 0.375]
		},
		"firstperson_righthand": {
			"rotation": [0, 45, 0],
			"scale": [0.4, 0.4, 0.4]
		},
		"firstperson_lefthand": {
			"rotation": [0, 225, 0],
			"scale": [0.4, 0.4, 0.4]
		},
		"ground": {
			"translation": [0, 3, 0],
			"scale": [0.25, 0.25, 0.25]
		},
		"gui": {
			"rotation": [30, 225, 0],
			"translation": [0, 2, 0]
		},
		"head": {
			"translation": [0, -39, 1],
			"scale": [2, 2, 2]
		},
		"fixed": {
			"scale": [0.5, 0.5, 0.5]
		}
	},
	"groups": [
		{
			"name": "wolf",
			"origin": [8, 8, 8],
			"color": 0,
			"nbt": "{}",
			"children": [
				0,
				1,
				2,
				3,
				4,
				5,
				6,
				{
					"name": "leg_fr",
					"origin": [9.5, 2.75, 5.25],
					"color": 0,
					"nbt": "{}",
					"children": [7, 8, 9, 10, 11, 12, 13, 14]
				},
				{
					"name": "leg_fl",
					"origin": [9.5, 2.75, 5.25],
					"color": 0,
					"nbt": "{}",
					"children": [15, 16, 17, 18, 19, 20, 21, 22]
				},
				{
					"name": "leg_br",
					"origin": [8, 8, 8],
					"color": 0,
					"nbt": "{}",
					"children": [23, 24, 25, 26, 27, 28, 29, 30]
				},
				{
					"name": "leg_bl",
					"origin": [8, 8, 8],
					"color": 0,
					"nbt": "{}",
					"children": [31, 32, 33, 34, 35, 36, 37, 38]
				},
				39
			]
		}
	]
}