{
	"textures": {
		"0": "#texture",
		"particle": "#texture"
	},
	"elements": [
		{
			"name": "head",
			"from": [5.5, 6.75, 3.5],
			"to": [10.5, 13.75, 7.25],
			"rotation": {"angle": 0, "axis": "y", "origin": [10, 13, 11]},
			"faces": {
				"north": {"uv": [12.5, 1.25, 13.75, 3.25], "texture": "#0"},
				"east": {"uv": [11.5, 1.25, 12.5, 3.25], "texture": "#0"},
				"south": {"uv": [14.75, 1.25, 16, 3.25], "texture": "#0"},
				"west": {"uv": [13.75, 1.25, 14.75, 3.25], "texture": "#0"},
				"up": {"uv": [12.5, 0.25, 13.75, 1.25], "rotation": 180, "texture": "#0"},
				"down": {"uv": [13.75, 0.25, 15, 1.25], "texture": "#0"}
			}
		},
		{
			"name": "ear_1",
			"from": [8.75, 13.75, 4.5],
			"to": [10.5, 15, 5.75],
			"rotation": {"angle": 0, "axis": "y", "origin": [10, 13, 11]},
			"faces": {
				"north": {"uv": [4, 0.5, 4.5, 1], "texture": "#0"},
				"east": {"uv": [3.75, 0.5, 4, 1], "texture": "#0"},
				"south": {"uv": [4.75, 0.5, 5.25, 1], "texture": "#0"},
				"west": {"uv": [4.5, 0.5, 4.75, 1], "texture": "#0"},
				"up": {"uv": [4, 0.25, 4.5, 0.5], "texture": "#0"},
				"down": {"uv": [4.5, 0.25, 5, 0.5], "texture": "#0"}
			}
		},
		{
			"name": "ear_2",
			"from": [5.5, 13.75, 4.5],
			"to": [7.25, 15, 5.75],
			"rotation": {"angle": 0, "axis": "y", "origin": [10, 13, 11]},
			"faces": {
				"north": {"uv": [4.5, 1.5, 5, 2], "texture": "#0"},
				"east": {"uv": [4.25, 1.5, 4.5, 2], "texture": "#0"},
				"south": {"uv": [3.75, 1.5, 4.25, 2], "texture": "#0"},
				"west": {"uv": [5, 1.5, 5.25, 2], "texture": "#0"},
				"up": {"uv": [4.5, 1.25, 5, 1.5], "texture": "#0"},
				"down": {"uv": [4, 1.25, 4.5, 1.5], "texture": "#0"}
			}
		},
		{
			"name": "snout",
			"from": [6.5, 10, 2],
			"to": [9.5, 12, 3.5],
			"faces": {
				"north": {"uv": [0.5, 1, 1.25, 1.75], "texture": "#0"},
				"east": {"uv": [0, 1, 0.5, 1.75], "texture": "#0"},
				"south": {"uv": [1.75, 1, 2.5, 1.75], "texture": "#0"},
				"west": {"uv": [1.25, 1, 1.75, 1.75], "texture": "#0"},
				"up": {"uv": [0.5, 0.5, 1.25, 1], "texture": "#0"},
				"down": {"uv": [1.25, 0.5, 2, 1], "texture": "#0"}
			}
		},
		{
			"name": "body",
			"from": [5, 4, 5],
			"to": [11, 9, 12],
			"rotation": {"angle": 0, "axis": "y", "origin": [13, 12, 14]},
			"faces": {
				"north": {"uv": [9.5, 2.75, 11, 4], "texture": "#0"},
				"east": {"uv": [4, 2.75, 6, 4], "texture": "#0"},
				"south": {"uv": [6, 2.75, 7.5, 4], "texture": "#0"},
				"west": {"uv": [7.5, 2.75, 9.5, 4], "texture": "#0"},
				"up": {"uv": [6, 0.75, 7.5, 2.75], "texture": "#0"},
				"down": {"uv": [7.5, 0.75, 9, 2.75], "texture": "#0"}
			}
		},
		{
			"name": "leg_br",
			"from": [9, 0, 10],
			"to": [11, 4, 12],
			"rotation": {"angle": 0, "axis": "y", "origin": [10, 1, 8]},
			"faces": {
				"north": {"uv": [0.75, 3.25, 1.5, 4.75], "texture": "#0"},
				"east": {"uv": [0, 3.25, 0.75, 4.75], "texture": "#0"},
				"south": {"uv": [2.25, 3.25, 3, 4.75], "texture": "#0"},
				"west": {"uv": [1.5, 3.25, 2.25, 4.75], "texture": "#0"},
				"up": {"uv": [0.75, 2.5, 1.5, 3.25], "texture": "#0"},
				"down": {"uv": [1.5, 2.5, 2.25, 3.25], "texture": "#0"}
			}
		},
		{
			"name": "leg_fr",
			"from": [9, 0, 5],
			"to": [11, 4, 7],
			"rotation": {"angle": 0, "axis": "y", "origin": [10, 1, 8]},
			"faces": {
				"north": {"uv": [0.75, 3.25, 1.5, 4.75], "texture": "#0"},
				"east": {"uv": [0, 3.25, 0.75, 4.75], "texture": "#0"},
				"south": {"uv": [2.25, 3.25, 3, 4.75], "texture": "#0"},
				"west": {"uv": [1.5, 3.25, 2.25, 4.75], "texture": "#0"},
				"up": {"uv": [0.75, 2.5, 1.5, 3.25], "texture": "#0"},
				"down": {"uv": [1.5, 2.5, 2.25, 3.25], "texture": "#0"}
			}
		},
		{
			"name": "leg_bl",
			"from": [5, 0, 10],
			"to": [7, 4, 12],
			"rotation": {"angle": 0, "axis": "y", "origin": [10, 1, 8]},
			"faces": {
				"north": {"uv": [0.75, 3.25, 1.5, 4.75], "texture": "#0"},
				"east": {"uv": [0, 3.25, 0.75, 4.75], "texture": "#0"},
				"south": {"uv": [2.25, 3.25, 3, 4.75], "texture": "#0"},
				"west": {"uv": [1.5, 3.25, 2.25, 4.75], "texture": "#0"},
				"up": {"uv": [0.75, 2.5, 1.5, 3.25], "texture": "#0"},
				"down": {"uv": [1.5, 2.5, 2.25, 3.25], "texture": "#0"}
			}
		},
		{
			"name": "leg_fl",
			"from": [5, 0, 5],
			"to": [7, 4, 7],
			"rotation": {"angle": 0, "axis": "y", "origin": [10, 1, 8]},
			"faces": {
				"north": {"uv": [0.75, 3.25, 1.5, 4.75], "texture": "#0"},
				"east": {"uv": [0, 3.25, 0.75, 4.75], "texture": "#0"},
				"south": {"uv": [2.25, 3.25, 3, 4.75], "texture": "#0"},
				"west": {"uv": [1.5, 3.25, 2.25, 4.75], "texture": "#0"},
				"up": {"uv": [0.75, 2.5, 1.5, 3.25], "texture": "#0"},
				"down": {"uv": [1.5, 2.5, 2.25, 3.25], "texture": "#0"}
			}
		}
	],
	"display": {
		"gui": {"rotation": [ 30, 225, 0 ],"translation": [ 0, 2, 0],"scale":[ 1, 1, 1 ]},
        "ground": {"rotation": [ 0, 0, 0 ],"translation": [ 0, 3, 0],"scale":[ 0.25, 0.25, 0.25 ]},
        "fixed": {"rotation": [ 0, 0, 0 ],"translation": [ 0, 0, 0],"scale":[ 0.5, 0.5, 0.5 ]},
        "thirdperson_righthand": {"rotation": [ 75, 45, 0 ],"translation": [ 0, 2.5, 0],"scale": [ 0.375, 0.375, 0.375 ]},
        "firstperson_righthand": {"rotation": [ 0, 45, 0 ],"translation": [ 0, 0, 0 ],"scale": [ 0.40, 0.40, 0.40 ]},
        "firstperson_lefthand": {"rotation": [ 0, 225, 0 ],"translation": [ 0, 0, 0 ],"scale": [ 0.40, 0.40, 0.40 ]},
		"head": {"translation": [0, -35, 0],"scale": [2.5, 2.5, 2.5]}
	},
	"groups": [
		{"name": "llama","origin": [8, 8, 8],"children": [0, 1, 2, 3, 4, 5, 6, 7, 8]}
	]
}