{
	"textures": {
		"0": "#texture",
		"particle": "#texture"
	},
	"elements": [
		{
			"name": "head",
			"from": [7, 0.5, 2.75],
			"to": [10, 2.5, 5],
			"rotation": {"angle": 0, "axis": "y", "origin": [15, 8.5, 10]},
			"faces": {
				"north": {"uv": [1, 0.75, 2.25, 1.5], "texture": "#0"},
				"east": {"uv": [0, 0.75, 1, 1.5], "texture": "#0"},
				"south": {"uv": [3.25, 0.75, 4.5, 1.5], "texture": "#0"},
				"west": {"uv": [2.25, 0.75, 3.25, 1.5], "texture": "#0"},
				"up": {"uv": [1, 0, 2.25, 0.75], "texture": "#0"},
				"down": {"uv": [2.25, 0, 3.5, 0.75], "texture": "#0"}
			}
		},
		{
			"name": "shell_upper",
			"from": [4.75, 1, 5],
			"to": [12.25, 3.5, 12.25],
			"rotation": {"angle": 0, "axis": "y", "origin": [12, 9, 15]},
			"faces": {
				"north": {"uv": [6.75, 0.75, 9, 1.5], "texture": "#0"},
				"east": {"uv": [4.5, 2.5, 6.75, 3.25], "texture": "#0"},
				"south": {"uv": [6.75, 4.25, 9, 5], "texture": "#0"},
				"west": {"uv": [4.5, 2.5, 6.75, 3.25], "texture": "#0"},
				"up": {"uv": [2.25, 1.75, 4.5, 4], "texture": "#0"},
				"down": {"uv": [6.75, 1.75, 9, 4], "texture": "#0"}
			}
		},
		{
			"name": "shell_lower",
			"from": [6, 0, 5],
			"to": [11, 1, 12],
			"rotation": {"angle": 0, "axis": "y", "origin": [14, 7, 13]},
			"faces": {
				"north": {"uv": [9.25, 4.75, 11, 5], "texture": "#0"},
				"east": {"uv": [7, 6.25, 9.25, 6.5], "texture": "#0"},
				"south": {"uv": [9.25, 7.75, 11, 8], "texture": "#0"},
				"west": {"uv": [7, 6.25, 9.25, 6.5], "texture": "#0"},
				"up": {"uv": [9.25, 5.25, 11, 7.5], "texture": "#0"},
				"down": {"uv": [5.25, 5.25, 7, 7.5], "texture": "#0"}
			}
		},
		{
			"name": "flipper_fl",
			"from": [2, 0.2, 5.475],
			"to": [7, 1, 8.475],
			"rotation": {"angle": 22.5, "axis": "y", "origin": [6, 1, 7.475]},
			"faces": {
				"north": {"uv": [1.25, 8.75, 2.5, 9], "texture": "#0"},
				"east": {"uv": [2.75, 7, 3.5, 7.25], "texture": "#0"},
				"south": {"uv": [1.25, 10.25, 2.5, 10.5], "texture": "#0"},
				"west": {"uv": [2.75, 9.5, 3.5, 9.75], "texture": "#0"},
				"up": {"uv": [1.25, 9.25, 2.5, 10], "texture": "#0"},
				"down": {"uv": [1.25, 10.75, 2.5, 11.5], "texture": "#0"}
			}
		},
		{
			"name": "flipper_fr",
			"from": [10, 0.2, 6.475],
			"to": [15, 1, 9.475],
			"rotation": {"angle": -22.5, "axis": "y", "origin": [14, 1, 8.475]},
			"faces": {
				"north": {"uv": [1.25, 7.75, 2.5, 8], "texture": "#0"},
				"east": {"uv": [0.25, 7, 1, 7.25], "texture": "#0"},
				"south": {"uv": [1.25, 6.25, 2.5, 6.5], "texture": "#0"},
				"west": {"uv": [2.75, 7, 3.5, 7.25], "texture": "#0"},
				"up": {"uv": [1.25, 6.75, 2.5, 7.5], "texture": "#0"},
				"down": {"uv": [1.25, 5.25, 2.5, 6], "texture": "#0"}
			}
		},
		{
			"name": "flipper_bl",
			"from": [5.5, 0.2, 11.475],
			"to": [7.5, 1, 14.475],
			"rotation": {"angle": -22.5, "axis": "y", "origin": [7.5, 1, 12.475]},
			"faces": {
				"north": {"uv": [12.75, 1, 13.25, 1.25], "texture": "#0"},
				"east": {"uv": [13.5, 1.75, 14.25, 2], "texture": "#0"},
				"south": {"uv": [14.5, 1, 15, 1.25], "texture": "#0"},
				"west": {"uv": [13.5, 0.5, 14.25, 0.75], "texture": "#0"},
				"up": {"uv": [13.5, 1, 14.25, 1.5], "rotation": 270, "texture": "#0"},
				"down": {"uv": [13.5, 2.25, 14.25, 2.75], "rotation": 90, "texture": "#0"}
			}
		},
		{
			"name": "flipper_br",
			"from": [10.75, 0.2, 11.475],
			"to": [12.75, 1, 14.475],
			"rotation": {"angle": 22.5, "axis": "y", "origin": [10.75, 1, 15.475]},
			"faces": {
				"north": {"uv": [10.75, 2.5, 11.5, 2.75], "texture": "#0"},
				"east": {"uv": [10.75, 2.5, 11.5, 2.75], "texture": "#0"},
				"south": {"uv": [10, 1.75, 10.5, 2], "texture": "#0"},
				"west": {"uv": [10.75, 1.25, 11.5, 1.5], "texture": "#0"},
				"up": {"uv": [10.75, 1.75, 11.5, 2.25], "rotation": 90, "texture": "#0"},
				"down": {"uv": [10.75, 0.5, 11.5, 1], "rotation": 270, "texture": "#0"}
			}
		}
	],
	"display": {
		"gui": {"rotation": [ 30, 225, 0 ],"translation": [ 0, 2, 0],"scale":[ 1, 1, 1 ]},
        "ground": {"rotation": [ 0, 0, 0 ],"translation": [ 0, 3, 0],"scale":[ 0.25, 0.25, 0.25 ]},
        "fixed": {"rotation": [ 0, 0, 0 ],"translation": [ 0, 0, 0],"scale":[ 0.5, 0.5, 0.5 ]},
        "thirdperson_righthand": {"rotation": [ 75, 45, 0 ],"translation": [ 0, 2.5, 0],"scale": [ 0.375, 0.375, 0.375 ]},
        "firstperson_righthand": {"rotation": [ 0, 45, 0 ],"translation": [ 0, 0, 0 ],"scale": [ 0.40, 0.40, 0.40 ]},
        "firstperson_lefthand": {"rotation": [ 0, 225, 0 ],"translation": [ 0, 0, 0 ],"scale": [ 0.40, 0.40, 0.40 ]},
		"head": {"translation": [0, -47, 0]}
	},
	"groups": [
		{"name": "turtle","origin": [8, 8, 8],"children": [0, 1, 2, 3, 4, 5, 6]}
	]
}