{
	"textures": {
		"0": "#texture_body",
		"1": "#texture_frame_0",
		"2": "#texture_frame_1",
		"3": "#texture_frame_2",
		"4": "#texture_frame_3",
		"5": "#texture_frame_4",
		"6": "#texture_frame_5",
		"7": "#texture_frame_6",
		"8": "#texture_frame_7",
		"particle": "#texture_body"
	},
	"elements": [
		{
			"name": "head",
			"from": [7, 0.5, 2.75],
			"to": [10, 2.5, 5],
			"rotation": {"angle": 0, "axis": "y", "origin": [15, 8.5, 10]},
			"faces": {
				"north": {"uv": [1, 0.75, 2.25, 1.5], "texture": "#0"},
				"east": {"uv": [0, 0.75, 1, 1.5], "texture": "#0"},
				"south": {"uv": [3.25, 0.75, 4.5, 1.5], "texture": "#0"},
				"west": {"uv": [2.25, 0.75, 3.25, 1.5], "texture": "#0"},
				"up": {"uv": [1, 0, 2.25, 0.75], "texture": "#0"},
				"down": {"uv": [2.25, 0, 3.5, 0.75], "texture": "#0"}
			}
		},
		{
			"name": "shell_upper",
			"from": [4.75, 1, 5],
			"to": [12.25, 3.5, 12.25],
			"rotation": {"angle": 0, "axis": "y", "origin": [12, 9, 15]},
			"faces": {
				"north": {"uv": [6.75, 0.75, 9, 1.5], "texture": "#0"},
				"east": {"uv": [4.5, 2.5, 6.75, 3.25], "texture": "#0"},
				"south": {"uv": [6.75, 4.25, 9, 5], "texture": "#0"},
				"west": {"uv": [4.5, 2.5, 6.75, 3.25], "texture": "#0"},
				"up": {"uv": [2.25, 1.75, 4.5, 4], "texture": "#0"},
				"down": {"uv": [6.75, 1.75, 9, 4], "texture": "#0"}
			}
		},
		{
			"name": "shell_lower",
			"from": [6, 0, 5],
			"to": [11, 1, 12],
			"rotation": {"angle": 0, "axis": "y", "origin": [14, 7, 13]},
			"faces": {
				"north": {"uv": [9.25, 4.75, 11, 5], "texture": "#0"},
				"east": {"uv": [7, 6.25, 9.25, 6.5], "texture": "#0"},
				"south": {"uv": [9.25, 7.75, 11, 8], "texture": "#0"},
				"west": {"uv": [7, 6.25, 9.25, 6.5], "texture": "#0"},
				"up": {"uv": [9.25, 5.25, 11, 7.5], "texture": "#0"},
				"down": {"uv": [5.25, 5.25, 7, 7.5], "texture": "#0"}
			}
		},
		{
			"name": "frame_1",
			"from": [10.53701, 0.2, 5.17471],
			"to": [15.53701, 1, 8.17471],
			"rotation": {"angle": 0, "axis": "y", "origin": [11, 1, 6.475]},
			"faces": {
				"north": {"uv": [1.25, 7.75, 2.5, 8], "texture": "#1"},
				"east": {"uv": [0.25, 7, 1, 7.25], "texture": "#1"},
				"south": {"uv": [1.25, 6.25, 2.5, 6.5], "texture": "#1"},
				"west": {"uv": [2.75, 7, 3.5, 7.25], "texture": "#1"},
				"up": {"uv": [1.25, 6.75, 2.5, 7.5], "texture": "#1"},
				"down": {"uv": [1.25, 5.25, 2.5, 6], "texture": "#1"}
			}
		},
		{
			"name": "frame_2",
			"from": [10.53701, 0.2, 5.17471],
			"to": [15.53701, 1, 8.17471],
			"rotation": {"angle": 22.5, "axis": "y", "origin": [11, 1, 6.475]},
			"faces": {
				"north": {"uv": [1.25, 7.75, 2.5, 8], "texture": "#2"},
				"east": {"uv": [0.25, 7, 1, 7.25], "texture": "#2"},
				"south": {"uv": [1.25, 6.25, 2.5, 6.5], "texture": "#2"},
				"west": {"uv": [2.75, 7, 3.5, 7.25], "texture": "#2"},
				"up": {"uv": [1.25, 6.75, 2.5, 7.5], "texture": "#2"},
				"down": {"uv": [1.25, 5.25, 2.5, 6], "texture": "#2"}
			}
		},
		{
			"name": "frame_3",
			"from": [10.53701, 0.2, 5.17471],
			"to": [15.53701, 1, 8.17471],
			"rotation": {"angle": 0, "axis": "y", "origin": [11, 1, 6.475]},
			"faces": {
				"north": {"uv": [1.25, 7.75, 2.5, 8], "texture": "#3"},
				"east": {"uv": [0.25, 7, 1, 7.25], "texture": "#3"},
				"south": {"uv": [1.25, 6.25, 2.5, 6.5], "texture": "#3"},
				"west": {"uv": [2.75, 7, 3.5, 7.25], "texture": "#3"},
				"up": {"uv": [1.25, 6.75, 2.5, 7.5], "texture": "#3"},
				"down": {"uv": [1.25, 5.25, 2.5, 6], "texture": "#3"}
			}
		},
		{
			"name": "frame_4",
			"from": [10.53701, 0.2, 5.17471],
			"to": [15.53701, 1, 8.17471],
			"rotation": {"angle": -22.5, "axis": "y", "origin": [11, 1, 6.475]},
			"faces": {
				"north": {"uv": [1.25, 7.75, 2.5, 8], "texture": "#4"},
				"east": {"uv": [0.25, 7, 1, 7.25], "texture": "#4"},
				"south": {"uv": [1.25, 6.25, 2.5, 6.5], "texture": "#4"},
				"west": {"uv": [2.75, 7, 3.5, 7.25], "texture": "#4"},
				"up": {"uv": [1.25, 6.75, 2.5, 7.5], "texture": "#4"},
				"down": {"uv": [1.25, 5.25, 2.5, 6], "texture": "#4"}
			}
		},
		{
			"name": "frame_5",
			"from": [10.53701, 0.2, 5.17471],
			"to": [15.53701, 1, 8.17471],
			"rotation": {"angle": -45, "axis": "y", "origin": [11, 1, 6.475]},
			"faces": {
				"north": {"uv": [1.25, 7.75, 2.5, 8], "texture": "#5"},
				"east": {"uv": [0.25, 7, 1, 7.25], "texture": "#5"},
				"south": {"uv": [1.25, 6.25, 2.5, 6.5], "texture": "#5"},
				"west": {"uv": [2.75, 7, 3.5, 7.25], "texture": "#5"},
				"up": {"uv": [1.25, 6.75, 2.5, 7.5], "texture": "#5"},
				"down": {"uv": [1.25, 5.25, 2.5, 6], "texture": "#5"}
			}
		},
		{
			"name": "frame_6",
			"from": [9.30029, 0.2, 6.01201],
			"to": [12.30029, 1, 11.01201],
			"rotation": {"angle": 22.5, "axis": "y", "origin": [11, 1, 6.475]},
			"faces": {
				"north": {"uv": [2.75, 7, 3.5, 7.25], "texture": "#6"},
				"east": {"uv": [1.25, 7.75, 2.5, 8], "texture": "#6"},
				"south": {"uv": [0.25, 7, 1, 7.25], "texture": "#6"},
				"west": {"uv": [1.25, 6.25, 2.5, 6.5], "texture": "#6"},
				"up": {"uv": [1.25, 6.75, 2.5, 7.5], "rotation": 90, "texture": "#6"},
				"down": {"uv": [1.25, 5.25, 2.5, 6], "rotation": 270, "texture": "#6"}
			}
		},
		{
			"name": "frame_7",
			"from": [9.30029, 0.2, 6.01201],
			"to": [12.30029, 1, 11.01201],
			"rotation": {"angle": 45, "axis": "y", "origin": [11, 1, 6.475]},
			"faces": {
				"north": {"uv": [2.75, 7, 3.5, 7.25], "texture": "#7"},
				"east": {"uv": [1.25, 7.75, 2.5, 8], "texture": "#7"},
				"south": {"uv": [0.25, 7, 1, 7.25], "texture": "#7"},
				"west": {"uv": [1.25, 6.25, 2.5, 6.5], "texture": "#7"},
				"up": {"uv": [1.25, 6.75, 2.5, 7.5], "rotation": 90, "texture": "#7"},
				"down": {"uv": [1.25, 5.25, 2.5, 6], "rotation": 270, "texture": "#7"}
			}
		},
		{
			"name": "frame_8",
			"from": [10.53701, 0.2, 5.17471],
			"to": [15.53701, 1, 8.17471],
			"rotation": {"angle": -22.5, "axis": "y", "origin": [11, 1, 6.475]},
			"faces": {
				"north": {"uv": [1.25, 7.75, 2.5, 8], "texture": "#8"},
				"east": {"uv": [0.25, 7, 1, 7.25], "texture": "#8"},
				"south": {"uv": [1.25, 6.25, 2.5, 6.5], "texture": "#8"},
				"west": {"uv": [2.75, 7, 3.5, 7.25], "texture": "#8"},
				"up": {"uv": [1.25, 6.75, 2.5, 7.5], "texture": "#8"},
				"down": {"uv": [1.25, 5.25, 2.5, 6], "texture": "#8"}
			}
		},
		{
			"name": "frame_1",
			"from": [1.61732, 0.2, 5.39888],
			"to": [6.61732, 1, 8.39888],
			"rotation": {"angle": 0, "axis": "y", "origin": [6, 1, 6.475]},
			"faces": {
				"north": {"uv": [1.25, 8.75, 2.5, 9], "texture": "#1"},
				"east": {"uv": [2.75, 7, 3.5, 7.25], "texture": "#1"},
				"south": {"uv": [1.25, 10.25, 2.5, 10.5], "texture": "#1"},
				"west": {"uv": [2.75, 9.5, 3.5, 9.75], "texture": "#1"},
				"up": {"uv": [1.25, 9.25, 2.5, 10], "texture": "#1"},
				"down": {"uv": [1.25, 10.75, 2.5, 11.5], "texture": "#1"}
			}
		},
		{
			"name": "frame_2",
			"from": [1.61732, 0.2, 5.39888],
			"to": [6.61732, 1, 8.39888],
			"rotation": {"angle": -22.5, "axis": "y", "origin": [6, 1, 6.475]},
			"faces": {
				"north": {"uv": [1.25, 8.75, 2.5, 9], "texture": "#2"},
				"east": {"uv": [2.75, 7, 3.5, 7.25], "texture": "#2"},
				"south": {"uv": [1.25, 10.25, 2.5, 10.5], "texture": "#2"},
				"west": {"uv": [2.75, 9.5, 3.5, 9.75], "texture": "#2"},
				"up": {"uv": [1.25, 9.25, 2.5, 10], "texture": "#2"},
				"down": {"uv": [1.25, 10.75, 2.5, 11.5], "texture": "#2"}
			}
		},
		{
			"name": "frame_3",
			"from": [1.61732, 0.2, 5.39888],
			"to": [6.61732, 1, 8.39888],
			"rotation": {"angle": 0, "axis": "y", "origin": [6, 1, 6.475]},
			"faces": {
				"north": {"uv": [1.25, 8.75, 2.5, 9], "texture": "#3"},
				"east": {"uv": [2.75, 7, 3.5, 7.25], "texture": "#3"},
				"south": {"uv": [1.25, 10.25, 2.5, 10.5], "texture": "#3"},
				"west": {"uv": [2.75, 9.5, 3.5, 9.75], "texture": "#3"},
				"up": {"uv": [1.25, 9.25, 2.5, 10], "texture": "#3"},
				"down": {"uv": [1.25, 10.75, 2.5, 11.5], "texture": "#3"}
			}
		},
		{
			"name": "frame_4",
			"from": [1.61732, 0.2, 5.39888],
			"to": [6.61732, 1, 8.39888],
			"rotation": {"angle": 22.5, "axis": "y", "origin": [6, 1, 6.475]},
			"faces": {
				"north": {"uv": [1.25, 8.75, 2.5, 9], "texture": "#4"},
				"east": {"uv": [2.75, 7, 3.5, 7.25], "texture": "#4"},
				"south": {"uv": [1.25, 10.25, 2.5, 10.5], "texture": "#4"},
				"west": {"uv": [2.75, 9.5, 3.5, 9.75], "texture": "#4"},
				"up": {"uv": [1.25, 9.25, 2.5, 10], "texture": "#4"},
				"down": {"uv": [1.25, 10.75, 2.5, 11.5], "texture": "#4"}
			}
		},
		{
			"name": "frame_5",
			"from": [1.61732, 0.2, 5.39888],
			"to": [6.61732, 1, 8.39888],
			"rotation": {"angle": 45, "axis": "y", "origin": [6, 1, 6.475]},
			"faces": {
				"north": {"uv": [1.25, 8.75, 2.5, 9], "texture": "#5"},
				"east": {"uv": [2.75, 7, 3.5, 7.25], "texture": "#5"},
				"south": {"uv": [1.25, 10.25, 2.5, 10.5], "texture": "#5"},
				"west": {"uv": [2.75, 9.5, 3.5, 9.75], "texture": "#5"},
				"up": {"uv": [1.25, 9.25, 2.5, 10], "texture": "#5"},
				"down": {"uv": [1.25, 10.75, 2.5, 11.5], "texture": "#5"}
			}
		},
		{
			"name": "frame_6",
			"from": [4.92388, 0.2, 5.85768],
			"to": [7.92388, 1, 10.85768],
			"rotation": {"angle": -22.5, "axis": "y", "origin": [6, 1, 6.475]},
			"faces": {
				"north": {"uv": [2.75, 7, 3.5, 7.25], "texture": "#6"},
				"east": {"uv": [1.25, 10.25, 2.5, 10.5], "texture": "#6"},
				"south": {"uv": [2.75, 9.5, 3.5, 9.75], "texture": "#6"},
				"west": {"uv": [1.25, 8.75, 2.5, 9], "texture": "#6"},
				"up": {"uv": [1.25, 9.25, 2.5, 10], "rotation": 270, "texture": "#6"},
				"down": {"uv": [1.25, 10.75, 2.5, 11.5], "rotation": 90, "texture": "#6"}
			}
		},
		{
			"name": "frame_7",
			"from": [4.92388, 0.2, 5.85768],
			"to": [7.92388, 1, 10.85768],
			"rotation": {"angle": -45, "axis": "y", "origin": [6, 1, 6.475]},
			"faces": {
				"north": {"uv": [2.75, 7, 3.5, 7.25], "texture": "#7"},
				"east": {"uv": [1.25, 10.25, 2.5, 10.5], "texture": "#7"},
				"south": {"uv": [2.75, 9.5, 3.5, 9.75], "texture": "#7"},
				"west": {"uv": [1.25, 8.75, 2.5, 9], "texture": "#7"},
				"up": {"uv": [1.25, 9.25, 2.5, 10], "rotation": 270, "texture": "#7"},
				"down": {"uv": [1.25, 10.75, 2.5, 11.5], "rotation": 90, "texture": "#7"}
			}
		},
		{
			"name": "frame_8",
			"from": [1.61732, 0.2, 5.39888],
			"to": [6.61732, 1, 8.39888],
			"rotation": {"angle": 22.5, "axis": "y", "origin": [6, 1, 6.475]},
			"faces": {
				"north": {"uv": [1.25, 8.75, 2.5, 9], "texture": "#8"},
				"east": {"uv": [2.75, 7, 3.5, 7.25], "texture": "#8"},
				"south": {"uv": [1.25, 10.25, 2.5, 10.5], "texture": "#8"},
				"west": {"uv": [2.75, 9.5, 3.5, 9.75], "texture": "#8"},
				"up": {"uv": [1.25, 9.25, 2.5, 10], "texture": "#8"},
				"down": {"uv": [1.25, 10.75, 2.5, 11.5], "texture": "#8"}
			}
		},
		{
			"name": "frame_1",
			"from": [9.16218, 0.2, 11.45753],
			"to": [11.16218, 1, 14.45753],
			"rotation": {"angle": 0, "axis": "y", "origin": [10, 1, 11.475]},
			"faces": {
				"north": {"uv": [10.75, 2.5, 11.5, 2.75], "texture": "#1"},
				"east": {"uv": [10.75, 2.5, 11.5, 2.75], "texture": "#1"},
				"south": {"uv": [10, 1.75, 10.5, 2], "texture": "#1"},
				"west": {"uv": [10.75, 1.25, 11.5, 1.5], "texture": "#1"},
				"up": {"uv": [10.75, 1.75, 11.5, 2.25], "rotation": 90, "texture": "#1"},
				"down": {"uv": [10.75, 0.5, 11.5, 1], "rotation": 270, "texture": "#1"}
			}
		},
		{
			"name": "frame_2",
			"from": [9.16218, 0.2, 11.45753],
			"to": [11.16218, 1, 14.45753],
			"rotation": {"angle": -22.5, "axis": "y", "origin": [10, 1, 11.475]},
			"faces": {
				"north": {"uv": [10.75, 2.5, 11.5, 2.75], "texture": "#2"},
				"east": {"uv": [10.75, 2.5, 11.5, 2.75], "texture": "#2"},
				"south": {"uv": [10, 1.75, 10.5, 2], "texture": "#2"},
				"west": {"uv": [10.75, 1.25, 11.5, 1.5], "texture": "#2"},
				"up": {"uv": [10.75, 1.75, 11.5, 2.25], "rotation": 90, "texture": "#2"},
				"down": {"uv": [10.75, 0.5, 11.5, 1], "rotation": 270, "texture": "#2"}
			}
		},
		{
			"name": "frame_3",
			"from": [9.16218, 0.2, 11.45753],
			"to": [11.16218, 1, 14.45753],
			"rotation": {"angle": 0, "axis": "y", "origin": [10, 1, 11.475]},
			"faces": {
				"north": {"uv": [10.75, 2.5, 11.5, 2.75], "texture": "#3"},
				"east": {"uv": [10.75, 2.5, 11.5, 2.75], "texture": "#3"},
				"south": {"uv": [10, 1.75, 10.5, 2], "texture": "#3"},
				"west": {"uv": [10.75, 1.25, 11.5, 1.5], "texture": "#3"},
				"up": {"uv": [10.75, 1.75, 11.5, 2.25], "rotation": 90, "texture": "#3"},
				"down": {"uv": [10.75, 0.5, 11.5, 1], "rotation": 270, "texture": "#3"}
			}
		},
		{
			"name": "frame_4",
			"from": [9.16218, 0.2, 11.45753],
			"to": [11.16218, 1, 14.45753],
			"rotation": {"angle": 22.5, "axis": "y", "origin": [10, 1, 11.475]},
			"faces": {
				"north": {"uv": [10.75, 2.5, 11.5, 2.75], "texture": "#4"},
				"east": {"uv": [10.75, 2.5, 11.5, 2.75], "texture": "#4"},
				"south": {"uv": [10, 1.75, 10.5, 2], "texture": "#4"},
				"west": {"uv": [10.75, 1.25, 11.5, 1.5], "texture": "#4"},
				"up": {"uv": [10.75, 1.75, 11.5, 2.25], "rotation": 90, "texture": "#4"},
				"down": {"uv": [10.75, 0.5, 11.5, 1], "rotation": 270, "texture": "#4"}
			}
		},
		{
			"name": "frame_5",
			"from": [9.16218, 0.2, 11.45753],
			"to": [11.16218, 1, 14.45753],
			"rotation": {"angle": 45, "axis": "y", "origin": [10, 1, 11.475]},
			"faces": {
				"north": {"uv": [10.75, 2.5, 11.5, 2.75], "texture": "#5"},
				"east": {"uv": [10.75, 2.5, 11.5, 2.75], "texture": "#5"},
				"south": {"uv": [10, 1.75, 10.5, 2], "texture": "#5"},
				"west": {"uv": [10.75, 1.25, 11.5, 1.5], "texture": "#5"},
				"up": {"uv": [10.75, 1.75, 11.5, 2.25], "rotation": 90, "texture": "#5"},
				"down": {"uv": [10.75, 0.5, 11.5, 1], "rotation": 270, "texture": "#5"}
			}
		},
		{
			"name": "frame_6",
			"from": [9.98253, 0.2, 10.31282],
			"to": [12.98253, 1, 12.31282],
			"rotation": {"angle": -22.5, "axis": "y", "origin": [10, 1, 11.475]},
			"faces": {
				"north": {"uv": [10.75, 2.5, 11.5, 2.75], "texture": "#6"},
				"east": {"uv": [10, 1.75, 10.5, 2], "texture": "#6"},
				"south": {"uv": [10.75, 1.25, 11.5, 1.5], "texture": "#6"},
				"west": {"uv": [10.75, 2.5, 11.5, 2.75], "texture": "#6"},
				"up": {"uv": [10.75, 1.75, 11.5, 2.25], "texture": "#6"},
				"down": {"uv": [10.75, 0.5, 11.5, 1], "texture": "#6"}
			}
		},
		{
			"name": "frame_7",
			"from": [9.98253, 0.2, 10.31282],
			"to": [12.98253, 1, 12.31282],
			"rotation": {"angle": -45, "axis": "y", "origin": [10, 1, 11.475]},
			"faces": {
				"north": {"uv": [10.75, 2.5, 11.5, 2.75], "texture": "#7"},
				"east": {"uv": [10, 1.75, 10.5, 2], "texture": "#7"},
				"south": {"uv": [10.75, 1.25, 11.5, 1.5], "texture": "#7"},
				"west": {"uv": [10.75, 2.5, 11.5, 2.75], "texture": "#7"},
				"up": {"uv": [10.75, 1.75, 11.5, 2.25], "texture": "#7"},
				"down": {"uv": [10.75, 0.5, 11.5, 1], "texture": "#7"}
			}
		},
		{
			"name": "frame_8",
			"from": [9.16218, 0.2, 11.45753],
			"to": [11.16218, 1, 14.45753],
			"rotation": {"angle": 22.5, "axis": "y", "origin": [10, 1, 11.475]},
			"faces": {
				"north": {"uv": [10.75, 2.5, 11.5, 2.75], "texture": "#8"},
				"east": {"uv": [10.75, 2.5, 11.5, 2.75], "texture": "#8"},
				"south": {"uv": [10, 1.75, 10.5, 2], "texture": "#8"},
				"west": {"uv": [10.75, 1.25, 11.5, 1.5], "texture": "#8"},
				"up": {"uv": [10.75, 1.75, 11.5, 2.25], "rotation": 90, "texture": "#8"},
				"down": {"uv": [10.75, 0.5, 11.5, 1], "rotation": 270, "texture": "#8"}
			}
		},
		{
			"name": "frame_1",
			"from": [5.82559, 0.2, 11.36187],
			"to": [7.82559, 1, 14.36187],
			"rotation": {"angle": 0, "axis": "y", "origin": [6.75, 1, 11.725]},
			"faces": {
				"north": {"uv": [12.75, 1, 13.25, 1.25], "texture": "#1"},
				"east": {"uv": [13.5, 1.75, 14.25, 2], "texture": "#1"},
				"south": {"uv": [14.5, 1, 15, 1.25], "texture": "#1"},
				"west": {"uv": [13.5, 0.5, 14.25, 0.75], "texture": "#1"},
				"up": {"uv": [13.5, 1, 14.25, 1.5], "rotation": 270, "texture": "#1"},
				"down": {"uv": [13.5, 2.25, 14.25, 2.75], "rotation": 90, "texture": "#1"}
			}
		},
		{
			"name": "frame_2",
			"from": [5.82559, 0.2, 11.36187],
			"to": [7.82559, 1, 14.36187],
			"rotation": {"angle": 22.5, "axis": "y", "origin": [6.75, 1, 11.725]},
			"faces": {
				"north": {"uv": [12.75, 1, 13.25, 1.25], "texture": "#2"},
				"east": {"uv": [13.5, 1.75, 14.25, 2], "texture": "#2"},
				"south": {"uv": [14.5, 1, 15, 1.25], "texture": "#2"},
				"west": {"uv": [13.5, 0.5, 14.25, 0.75], "texture": "#2"},
				"up": {"uv": [13.5, 1, 14.25, 1.5], "rotation": 270, "texture": "#2"},
				"down": {"uv": [13.5, 2.25, 14.25, 2.75], "rotation": 90, "texture": "#2"}
			}
		},
		{
			"name": "frame_3",
			"from": [5.82559, 0.2, 11.36187],
			"to": [7.82559, 1, 14.36187],
			"rotation": {"angle": 0, "axis": "y", "origin": [6.75, 1, 11.725]},
			"faces": {
				"north": {"uv": [12.75, 1, 13.25, 1.25], "texture": "#3"},
				"east": {"uv": [13.5, 1.75, 14.25, 2], "texture": "#3"},
				"south": {"uv": [14.5, 1, 15, 1.25], "texture": "#3"},
				"west": {"uv": [13.5, 0.5, 14.25, 0.75], "texture": "#3"},
				"up": {"uv": [13.5, 1, 14.25, 1.5], "rotation": 270, "texture": "#3"},
				"down": {"uv": [13.5, 2.25, 14.25, 2.75], "rotation": 90, "texture": "#3"}
			}
		},
		{
			"name": "frame_4",
			"from": [5.82559, 0.2, 11.36187],
			"to": [7.82559, 1, 14.36187],
			"rotation": {"angle": -22.5, "axis": "y", "origin": [6.75, 1, 11.725]},
			"faces": {
				"north": {"uv": [12.75, 1, 13.25, 1.25], "texture": "#4"},
				"east": {"uv": [13.5, 1.75, 14.25, 2], "texture": "#4"},
				"south": {"uv": [14.5, 1, 15, 1.25], "texture": "#4"},
				"west": {"uv": [13.5, 0.5, 14.25, 0.75], "texture": "#4"},
				"up": {"uv": [13.5, 1, 14.25, 1.5], "rotation": 270, "texture": "#4"},
				"down": {"uv": [13.5, 2.25, 14.25, 2.75], "rotation": 90, "texture": "#4"}
			}
		},
		{
			"name": "frame_5",
			"from": [5.82559, 0.2, 11.36187],
			"to": [7.82559, 1, 14.36187],
			"rotation": {"angle": -45, "axis": "y", "origin": [6.75, 1, 11.725]},
			"faces": {
				"north": {"uv": [12.75, 1, 13.25, 1.25], "texture": "#5"},
				"east": {"uv": [13.5, 1.75, 14.25, 2], "texture": "#5"},
				"south": {"uv": [14.5, 1, 15, 1.25], "texture": "#5"},
				"west": {"uv": [13.5, 0.5, 14.25, 0.75], "texture": "#5"},
				"up": {"uv": [13.5, 1, 14.25, 1.5], "rotation": 270, "texture": "#5"},
				"down": {"uv": [13.5, 2.25, 14.25, 2.75], "rotation": 90, "texture": "#5"}
			}
		},
		{
			"name": "frame_6",
			"from": [4.11313, 0.2, 10.80059],
			"to": [7.11313, 1, 12.80059],
			"rotation": {"angle": 22.5, "axis": "y", "origin": [6.75, 1, 11.725]},
			"faces": {
				"north": {"uv": [13.5, 0.5, 14.25, 0.75], "texture": "#6"},
				"east": {"uv": [12.75, 1, 13.25, 1.25], "texture": "#6"},
				"south": {"uv": [13.5, 1.75, 14.25, 2], "texture": "#6"},
				"west": {"uv": [14.5, 1, 15, 1.25], "texture": "#6"},
				"up": {"uv": [13.5, 1, 14.25, 1.5], "texture": "#6"},
				"down": {"uv": [13.5, 2.25, 14.25, 2.75], "texture": "#6"}
			}
		},
		{
			"name": "frame_7",
			"from": [4.11313, 0.2, 10.80059],
			"to": [7.11313, 1, 12.80059],
			"rotation": {"angle": 45, "axis": "y", "origin": [6.75, 1, 11.725]},
			"faces": {
				"north": {"uv": [13.5, 0.5, 14.25, 0.75], "texture": "#7"},
				"east": {"uv": [12.75, 1, 13.25, 1.25], "texture": "#7"},
				"south": {"uv": [13.5, 1.75, 14.25, 2], "texture": "#7"},
				"west": {"uv": [14.5, 1, 15, 1.25], "texture": "#7"},
				"up": {"uv": [13.5, 1, 14.25, 1.5], "texture": "#7"},
				"down": {"uv": [13.5, 2.25, 14.25, 2.75], "texture": "#7"}
			}
		},
		{
			"name": "frame_8",
			"from": [5.82559, 0.2, 11.36187],
			"to": [7.82559, 1, 14.36187],
			"rotation": {"angle": -22.5, "axis": "y", "origin": [6.75, 1, 11.725]},
			"faces": {
				"north": {"uv": [12.75, 1, 13.25, 1.25], "texture": "#8"},
				"east": {"uv": [13.5, 1.75, 14.25, 2], "texture": "#8"},
				"south": {"uv": [14.5, 1, 15, 1.25], "texture": "#8"},
				"west": {"uv": [13.5, 0.5, 14.25, 0.75], "texture": "#8"},
				"up": {"uv": [13.5, 1, 14.25, 1.5], "rotation": 270, "texture": "#8"},
				"down": {"uv": [13.5, 2.25, 14.25, 2.75], "rotation": 90, "texture": "#8"}
			}
		}
	],
	"display": {
		"gui": {"rotation": [ 30, 225, 0 ],"translation": [ 0, 2, 0],"scale":[ 1, 1, 1 ]},
        "ground": {"rotation": [ 0, 0, 0 ],"translation": [ 0, 3, 0],"scale":[ 0.25, 0.25, 0.25 ]},
        "fixed": {"rotation": [ 0, 0, 0 ],"translation": [ 0, 0, 0],"scale":[ 0.5, 0.5, 0.5 ]},
        "thirdperson_righthand": {"rotation": [ 75, 45, 0 ],"translation": [ 0, 2.5, 0],"scale": [ 0.375, 0.375, 0.375 ]},
        "firstperson_righthand": {"rotation": [ 0, 45, 0 ],"translation": [ 0, 0, 0 ],"scale": [ 0.40, 0.40, 0.40 ]},
        "firstperson_lefthand": {"rotation": [ 0, 225, 0 ],"translation": [ 0, 0, 0 ],"scale": [ 0.40, 0.40, 0.40 ]},
		"head": {"translation": [0, -47, 0]}
	},
	"groups": [
		{"name": "turtle","origin": [8, 8, 8],"children": [0, 1, 2]},
		{"name": "flipper_fr","origin": [8, 8, 8],"children": [3, 4, 5, 6, 7, 8, 9, 10]},
		{"name": "flipper_fl","origin": [8, 8, 8],"children": [11, 12, 13, 14, 15, 16, 17, 18]},
		{"name": "flipper_br","origin": [8, 8, 8],"children": [19, 20, 21, 22, 23, 24, 25, 26]},
		{"name": "flipper_bl","origin": [8, 8, 8],"children": [27, 28, 29, 30, 31, 32, 33, 34]}
	]
}