{
	"textures": {
		"0": "#texture",
		"particle": "#texture"
	},
	"elements": [
		{
			"name": "ear_l",
			"from": [5.5, 8.5, 4.75],
			"to": [7, 9.5, 5.5],
			"rotation": {"angle": 0, "axis": "x", "origin": [6.25, 7, -0.5]},
			"faces": {
				"north": {"uv": [4, 3, 3.5, 3.5], "texture": "#0"},
				"east": {"uv": [3.25, 3, 3.5, 3.5], "texture": "#0"},
				"south": {"uv": [4.25, 3, 4.75, 3.5], "texture": "#0"},
				"west": {"uv": [4, 3, 4.25, 3.5], "texture": "#0"},
				"up": {"uv": [3.5, 2.75, 4, 3], "texture": "#0"},
				"down": {"uv": [4, 2.75, 4.5, 3], "texture": "#0"}
			}
		},
		{
			"name": "ear_r",
			"from": [9, 8.5, 4.75],
			"to": [10.5, 9.5, 5.5],
			"rotation": {"angle": 0, "axis": "x", "origin": [9.75, 7.25, -0.75]},
			"faces": {
				"north": {"uv": [3.5, 3, 4, 3.5], "texture": "#0"},
				"east": {"uv": [3.25, 3, 3.5, 3.5], "texture": "#0"},
				"south": {"uv": [4.25, 3, 4.75, 3.5], "texture": "#0"},
				"west": {"uv": [4, 3, 4.25, 3.5], "texture": "#0"},
				"up": {"uv": [3.5, 2.75, 4, 3], "texture": "#0"},
				"down": {"uv": [4, 2.75, 4.5, 3], "texture": "#0"}
			}
		},
		{
			"name": "head",
			"from": [5.5, 4.75, 4],
			"to": [10.5, 8.5, 7.5],
			"rotation": {"angle": 0, "axis": "x", "origin": [8, 4.5, 1.5]},
			"faces": {
				"north": {"uv": [1, 1, 2.5, 2.25], "texture": "#0"},
				"east": {"uv": [0, 1, 1, 2.25], "texture": "#0"},
				"south": {"uv": [3.5, 1, 5, 2.25], "texture": "#0"},
				"west": {"uv": [2.5, 1, 3.5, 2.25], "texture": "#0"},
				"up": {"uv": [1, 0, 2.5, 1], "texture": "#0"},
				"down": {"uv": [2.5, 0, 4, 1], "texture": "#0"}
			}
		},
		{
			"name": "snout",
			"from": [6.5, 5, 2.5],
			"to": [9.5, 6.5, 4],
			"rotation": {"angle": 0, "axis": "x", "origin": [8, 4.5, -1.5]},
			"faces": {
				"north": {"uv": [0.75, 2.75, 1.75, 3.25], "texture": "#0"},
				"east": {"uv": [0.25, 2.75, 0.75, 3.25], "texture": "#0"},
				"south": {"uv": [2.25, 2.75, 3.25, 3.25], "texture": "#0"},
				"west": {"uv": [1.75, 2.75, 2.25, 3.25], "texture": "#0"},
				"up": {"uv": [0.75, 2.25, 1.75, 2.75], "rotation": 180, "texture": "#0"},
				"down": {"uv": [1.75, 2.25, 2.75, 2.75], "texture": "#0"}
			}
		},
		{
			"name": "body",
			"from": [5.75, -1.25, 6],
			"to": [10.25, 5, 9.5],
			"rotation": {"angle": -22.5, "axis": "x", "origin": [8, 2, 4.5]},
			"faces": {
				"north": {"uv": [5.75, 4.25, 7.25, 6.25], "texture": "#0"},
				"east": {"uv": [4.5, 4.25, 5.75, 6.25], "texture": "#0"},
				"south": {"uv": [8.5, 4.25, 10, 6.25], "texture": "#0"},
				"west": {"uv": [7.25, 4.25, 8.5, 6.25], "texture": "#0"},
				"up": {"uv": [5.75, 3, 7.25, 4.25], "rotation": 180, "texture": "#0"},
				"down": {"uv": [7.25, 3, 8.75, 4.25], "texture": "#0"}
			}
		},
		{
			"name": "back_left",
			"from": [5.75, 0, 4],
			"to": [7.25, 1.5, 7],
			"rotation": {"angle": 22.5, "axis": "y", "origin": [8.25, 4, 5.75]},
			"faces": {
				"north": {"uv": [1, 3.75, 1.5, 4.25], "rotation": 180, "texture": "#0"},
				"east": {"uv": [0, 4.25, 0.5, 5.5], "rotation": 270, "texture": "#0"},
				"south": {"uv": [0.5, 3.75, 1, 4.25], "texture": "#0"},
				"west": {"uv": [1, 4.25, 1.5, 5.5], "rotation": 90, "texture": "#0"},
				"up": {"uv": [0.5, 4.25, 1, 5.5], "rotation": 180, "texture": "#0"},
				"down": {"uv": [1.5, 4.25, 2, 5.5], "texture": "#0"}
			}
		},
		{
			"name": "back_right",
			"from": [8.75, 0, 4],
			"to": [10.25, 1.5, 7],
			"rotation": {"angle": -22.5, "axis": "y", "origin": [8.25, 4, 5.75]},
			"faces": {
				"north": {"uv": [1, 3.75, 1.5, 4.25], "rotation": 180, "texture": "#0"},
				"east": {"uv": [0, 4.25, 0.5, 5.5], "rotation": 270, "texture": "#0"},
				"south": {"uv": [0.5, 3.75, 1, 4.25], "texture": "#0"},
				"west": {"uv": [1, 4.25, 1.5, 5.5], "rotation": 90, "texture": "#0"},
				"up": {"uv": [0.5, 4.25, 1, 5.5], "rotation": 180, "texture": "#0"},
				"down": {"uv": [1.5, 4.25, 2, 5.5], "texture": "#0"}
			}
		},
		{
			"name": "front_left",
			"from": [6.25, 1.25, 5.75],
			"to": [7.75, 4.25, 7.25],
			"rotation": {"angle": 22.5, "axis": "x", "origin": [8, 4.5, 5]},
			"faces": {
				"north": {"uv": [0.5, 4.25, 1, 5.5], "texture": "#0"},
				"east": {"uv": [0, 4.25, 0.5, 5.5], "texture": "#0"},
				"south": {"uv": [1.5, 4.25, 2, 5.5], "texture": "#0"},
				"west": {"uv": [1, 4.25, 1.5, 5.5], "texture": "#0"},
				"up": {"uv": [0.5, 3.75, 1, 4.25], "texture": "#0"},
				"down": {"uv": [1, 3.75, 1.5, 4.25], "texture": "#0"}
			}
		},
		{
			"name": "front_right",
			"from": [8.25, 1.25, 5.75],
			"to": [9.75, 4.25, 7.25],
			"rotation": {"angle": 22.5, "axis": "x", "origin": [8, 4.5, 5]},
			"faces": {
				"north": {"uv": [0.5, 4.25, 1, 5.5], "texture": "#0"},
				"east": {"uv": [0, 4.25, 0.5, 5.5], "texture": "#0"},
				"south": {"uv": [1.5, 4.25, 2, 5.5], "texture": "#0"},
				"west": {"uv": [1, 4.25, 1.5, 5.5], "texture": "#0"},
				"up": {"uv": [0.5, 3.75, 1, 4.25], "texture": "#0"},
				"down": {"uv": [1, 3.75, 1.5, 4.25], "texture": "#0"}
			}
		},
		{
			"name": "tail",
			"from": [6.75, 0, 9.25],
			"to": [9.25, 2.5, 12.5],
			"rotation": {"angle": 0, "axis": "x", "origin": [8, 6.25, 8]},
			"faces": {
				"north": {"uv": [6, 0, 6.75, 0.75], "rotation": 180, "texture": "#0"},
				"east": {"uv": [5.25, 0.75, 6, 2], "rotation": 90, "texture": "#0"},
				"south": {"uv": [6.75, 0, 7.5, 0.75], "texture": "#0"},
				"west": {"uv": [6.75, 0.75, 7.5, 2], "rotation": 270, "texture": "#0"},
				"up": {"uv": [7.5, 0.75, 8.25, 2], "texture": "#0"},
				"down": {"uv": [6, 0.75, 6.75, 2], "rotation": 180, "texture": "#0"}
			}
		}
	],
	"display": {
		"thirdperson_righthand": {
			"rotation": [75, 45, 0],
			"translation": [0, 2.5, 0],
			"scale": [0.375, 0.375, 0.375]
		},
		"firstperson_righthand": {
			"rotation": [0, 45, 0],
			"scale": [0.4, 0.4, 0.4]
		},
		"firstperson_lefthand": {
			"rotation": [0, 225, 0],
			"scale": [0.4, 0.4, 0.4]
		},
		"ground": {
			"translation": [0, 3, 0],
			"scale": [0.25, 0.25, 0.25]
		},
		"gui": {
			"rotation": [30, 225, 0],
			"translation": [0, 2, 0]
		},
		"head": {
			"translation": [0, -39, 1],
			"scale": [2, 2, 2]
		},
		"fixed": {
			"scale": [0.5, 0.5, 0.5]
		}
	},
	"groups": [
		{
			"name": "fox",
			"origin": [8, 8, 8],
			"color": 0,
			"children": [
				{
					"name": "head",
					"origin": [8, 8, 8],
					"color": 0,
					"children": [0, 1, 2, 3]
				},
				4,
				{
					"name": "legs",
					"origin": [8, 8, 8],
					"color": 0,
					"children": [5, 6, 7, 8]
				},
				9
			]
		}
	]
}