{
	"textures": {
		"0": "#texture_body",
		"1": "#texture_frame_0",
		"2": "#texture_frame_1",
		"3": "#texture_frame_2",
		"4": "#texture_frame_3",
		"5": "#texture_frame_4",
		"6": "#texture_frame_5",
		"7": "#texture_frame_6",
		"8": "#texture_frame_7",
		"particle": "#texture_body"
	},
	"elements": [
		{
			"name": "beak",
			"from": [7.45, 3.5, 3.925],
			"to": [8.45, 4.5, 4.925],
			"rotation": {"angle": 0, "axis": "y", "origin": [15.45, 11.5, 11.925]},
			"faces": {
				"north": {"uv": [3.5, 0.25, 3.75, 0.5], "texture": "#0"},
				"east": {"uv": [3.25, 0.25, 3.5, 0.5], "texture": "#0"},
				"south": {"uv": [3.75, 0, 4, 0.25], "texture": "#0"},
				"west": {"uv": [3.75, 0.25, 4, 0.5], "texture": "#0"},
				"up": {"uv": [3.5, 0, 3.75, 0.25], "texture": "#0"},
				"down": {"uv": [4, 0.25, 4.25, 0.5], "texture": "#0"}
			}
		},
		{
			"name": "head",
			"from": [5.925, 2.975, 4.925],
			"to": [9.975, 6.525, 7.925],
			"rotation": {"angle": 0, "axis": "y", "origin": [13.925, 10.975, 14.925]},
			"faces": {
				"north": {"uv": [0.75, 0.75, 1.75, 1.5], "texture": "#0"},
				"east": {"uv": [0.25, 0.75, 1, 1.5], "texture": "#0"},
				"south": {"uv": [2.5, 0.75, 3.25, 1.5], "texture": "#0"},
				"west": {"uv": [1.5, 0.75, 2.25, 1.5], "texture": "#0"},
				"up": {"uv": [0.75, 0, 1.824, 0.75], "texture": "#0"},
				"down": {"uv": [1.5, 0, 2.75, 0.5], "texture": "#0"}
			}
		},
		{
			"name": "body",
			"from": [5.45, 1.05, 6.775],
			"to": [10.45, 5.275, 11.1],
			"rotation": {"angle": 0, "axis": "y", "origin": [13.45, 8.05, 14.775]},
			"faces": {
				"north": {"uv": [3, 1.5, 4.5, 2.75], "texture": "#0"},
				"east": {"uv": [3.25, 3, 4.5, 4.5], "texture": "#0"},
				"south": {"uv": [1.5, 1.5, 3, 2.75], "texture": "#0"},
				"west": {"uv": [0, 3, 1.25, 4.5], "texture": "#0"},
				"up": {"uv": [4.5, 3, 6, 4.25], "texture": "#0"},
				"down": {"uv": [1.5, 3, 3.25, 4.5], "texture": "#0"}
			}
		},
		{
			"name": "leg",
			"from": [8.45, 0.05, 9.325],
			"to": [9.45, 1.05, 9.325],
			"rotation": {"angle": 22.5, "axis": "x", "origin": [8.95, 1.05, 9.325]},
			"faces": {
				"north": {"uv": [4.5, 0, 4.75, 0.25], "texture": "#1"},
				"east": {"uv": [4.5, 0, 4.75, 0.25], "texture": "#1"},
				"south": {"uv": [4.5, 0, 4.75, 0.25], "texture": "#1"},
				"west": {"uv": [4.5, 0, 4.75, 0.25], "texture": "#1"},
				"up": {"uv": [4.5, 0, 4.75, 0.25], "texture": "#1"},
				"down": {"uv": [4.5, 0, 4.75, 0.25], "texture": "#1"}
			}
		},
		{
			"name": "foot",
			"from": [8.45, 0.05, 8.325],
			"to": [9.45, 0.05, 9.325],
			"rotation": {"angle": 22.5, "axis": "x", "origin": [8.95, 1.05, 9.325]},
			"faces": {
				"north": {"uv": [4.5, 0.25, 4.75, 0.5], "texture": "#1"},
				"east": {"uv": [4.5, 0.25, 4.75, 0.5], "texture": "#1"},
				"south": {"uv": [4.5, 0.25, 4.75, 0.5], "texture": "#1"},
				"west": {"uv": [4.5, 0.25, 4.75, 0.5], "texture": "#1"},
				"up": {"uv": [4.5, 0.25, 4.75, 0.5], "texture": "#1"},
				"down": {"uv": [4.5, 0.25, 4.75, 0.5], "texture": "#1"}
			}
		},
		{
			"name": "leg",
			"from": [8.45, 0.05, 9.325],
			"to": [9.45, 1.05, 9.325],
			"rotation": {"angle": 45, "axis": "x", "origin": [8.95, 1.05, 9.325]},
			"faces": {
				"north": {"uv": [4.5, 0, 4.75, 0.25], "texture": "#2"},
				"east": {"uv": [4.5, 0, 4.75, 0.25], "texture": "#2"},
				"south": {"uv": [4.5, 0, 4.75, 0.25], "texture": "#2"},
				"west": {"uv": [4.5, 0, 4.75, 0.25], "texture": "#2"},
				"up": {"uv": [4.5, 0, 4.75, 0.25], "texture": "#2"},
				"down": {"uv": [4.5, 0, 4.75, 0.25], "texture": "#2"}
			}
		},
		{
			"name": "foot",
			"from": [8.45, 0.05, 8.325],
			"to": [9.45, 0.05, 9.325],
			"rotation": {"angle": 45, "axis": "x", "origin": [8.95, 1.05, 9.325]},
			"faces": {
				"north": {"uv": [4.5, 0.25, 4.75, 0.5], "texture": "#2"},
				"east": {"uv": [4.5, 0.25, 4.75, 0.5], "texture": "#2"},
				"south": {"uv": [4.5, 0.25, 4.75, 0.5], "texture": "#2"},
				"west": {"uv": [4.5, 0.25, 4.75, 0.5], "texture": "#2"},
				"up": {"uv": [4.5, 0.25, 4.75, 0.5], "texture": "#2"},
				"down": {"uv": [4.5, 0.25, 4.75, 0.5], "texture": "#2"}
			}
		},
		{
			"name": "leg",
			"from": [8.45, 0.05, 9.325],
			"to": [9.45, 1.05, 9.325],
			"rotation": {"angle": 22.5, "axis": "x", "origin": [8.95, 1.05, 9.325]},
			"faces": {
				"north": {"uv": [4.5, 0, 4.75, 0.25], "texture": "#3"},
				"east": {"uv": [4.5, 0, 4.75, 0.25], "texture": "#3"},
				"south": {"uv": [4.5, 0, 4.75, 0.25], "texture": "#3"},
				"west": {"uv": [4.5, 0, 4.75, 0.25], "texture": "#3"},
				"up": {"uv": [4.5, 0, 4.75, 0.25], "texture": "#3"},
				"down": {"uv": [4.5, 0, 4.75, 0.25], "texture": "#3"}
			}
		},
		{
			"name": "foot",
			"from": [8.45, 0.05, 8.325],
			"to": [9.45, 0.05, 9.325],
			"rotation": {"angle": 22.5, "axis": "x", "origin": [8.95, 1.05, 9.325]},
			"faces": {
				"north": {"uv": [4.5, 0.25, 4.75, 0.5], "texture": "#3"},
				"east": {"uv": [4.5, 0.25, 4.75, 0.5], "texture": "#3"},
				"south": {"uv": [4.5, 0.25, 4.75, 0.5], "texture": "#3"},
				"west": {"uv": [4.5, 0.25, 4.75, 0.5], "texture": "#3"},
				"up": {"uv": [4.5, 0.25, 4.75, 0.5], "texture": "#3"},
				"down": {"uv": [4.5, 0.25, 4.75, 0.5], "texture": "#3"}
			}
		},
		{
			"name": "leg",
			"from": [8.45, 0.05, 9.325],
			"to": [9.45, 1.05, 9.325],
			"rotation": {"angle": 0, "axis": "x", "origin": [8.95, 1.05, 9.325]},
			"faces": {
				"north": {"uv": [4.5, 0, 4.75, 0.25], "texture": "#4"},
				"east": {"uv": [4.5, 0, 4.75, 0.25], "texture": "#4"},
				"south": {"uv": [4.5, 0, 4.75, 0.25], "texture": "#4"},
				"west": {"uv": [4.5, 0, 4.75, 0.25], "texture": "#4"},
				"up": {"uv": [4.5, 0, 4.75, 0.25], "texture": "#4"},
				"down": {"uv": [4.5, 0, 4.75, 0.25], "texture": "#4"}
			}
		},
		{
			"name": "foot",
			"from": [8.45, 0.05, 8.325],
			"to": [9.45, 0.05, 9.325],
			"rotation": {"angle": 0, "axis": "x", "origin": [8.95, 1.05, 9.325]},
			"faces": {
				"north": {"uv": [4.5, 0.25, 4.75, 0.5], "texture": "#4"},
				"east": {"uv": [4.5, 0.25, 4.75, 0.5], "texture": "#4"},
				"south": {"uv": [4.5, 0.25, 4.75, 0.5], "texture": "#4"},
				"west": {"uv": [4.5, 0.25, 4.75, 0.5], "texture": "#4"},
				"up": {"uv": [4.5, 0.25, 4.75, 0.5], "texture": "#4"},
				"down": {"uv": [4.5, 0.25, 4.75, 0.5], "texture": "#4"}
			}
		},
		{
			"name": "leg",
			"from": [8.45, 0.05, 9.325],
			"to": [9.45, 1.05, 9.325],
			"rotation": {"angle": -22.5, "axis": "x", "origin": [8.95, 1.05, 9.325]},
			"faces": {
				"north": {"uv": [4.5, 0, 4.75, 0.25], "texture": "#5"},
				"east": {"uv": [4.5, 0, 4.75, 0.25], "texture": "#5"},
				"south": {"uv": [4.5, 0, 4.75, 0.25], "texture": "#5"},
				"west": {"uv": [4.5, 0, 4.75, 0.25], "texture": "#5"},
				"up": {"uv": [4.5, 0, 4.75, 0.25], "texture": "#5"},
				"down": {"uv": [4.5, 0, 4.75, 0.25], "texture": "#5"}
			}
		},
		{
			"name": "foot",
			"from": [8.45, 0.05, 8.325],
			"to": [9.45, 0.05, 9.325],
			"rotation": {"angle": -22.5, "axis": "x", "origin": [8.95, 1.05, 9.325]},
			"faces": {
				"north": {"uv": [4.5, 0.25, 4.75, 0.5], "texture": "#5"},
				"east": {"uv": [4.5, 0.25, 4.75, 0.5], "texture": "#5"},
				"south": {"uv": [4.5, 0.25, 4.75, 0.5], "texture": "#5"},
				"west": {"uv": [4.5, 0.25, 4.75, 0.5], "texture": "#5"},
				"up": {"uv": [4.5, 0.25, 4.75, 0.5], "texture": "#5"},
				"down": {"uv": [4.5, 0.25, 4.75, 0.5], "texture": "#5"}
			}
		},
		{
			"name": "leg",
			"from": [8.45, 0.05, 9.325],
			"to": [9.45, 1.05, 9.325],
			"rotation": {"angle": -45, "axis": "x", "origin": [8.95, 1.05, 9.325]},
			"faces": {
				"north": {"uv": [4.5, 0, 4.75, 0.25], "texture": "#6"},
				"east": {"uv": [4.5, 0, 4.75, 0.25], "texture": "#6"},
				"south": {"uv": [4.5, 0, 4.75, 0.25], "texture": "#6"},
				"west": {"uv": [4.5, 0, 4.75, 0.25], "texture": "#6"},
				"up": {"uv": [4.5, 0, 4.75, 0.25], "texture": "#6"},
				"down": {"uv": [4.5, 0, 4.75, 0.25], "texture": "#6"}
			}
		},
		{
			"name": "foot",
			"from": [8.45, 0.05, 8.325],
			"to": [9.45, 0.05, 9.325],
			"rotation": {"angle": -45, "axis": "x", "origin": [8.95, 1.05, 9.325]},
			"faces": {
				"north": {"uv": [4.5, 0.25, 4.75, 0.5], "texture": "#6"},
				"east": {"uv": [4.5, 0.25, 4.75, 0.5], "texture": "#6"},
				"south": {"uv": [4.5, 0.25, 4.75, 0.5], "texture": "#6"},
				"west": {"uv": [4.5, 0.25, 4.75, 0.5], "texture": "#6"},
				"up": {"uv": [4.5, 0.25, 4.75, 0.5], "texture": "#6"},
				"down": {"uv": [4.5, 0.25, 4.75, 0.5], "texture": "#6"}
			}
		},
		{
			"name": "leg",
			"from": [8.45, 0.05, 9.325],
			"to": [9.45, 1.05, 9.325],
			"rotation": {"angle": -22.5, "axis": "x", "origin": [8.95, 1.05, 9.325]},
			"faces": {
				"north": {"uv": [4.5, 0, 4.75, 0.25], "texture": "#7"},
				"east": {"uv": [4.5, 0, 4.75, 0.25], "texture": "#7"},
				"south": {"uv": [4.5, 0, 4.75, 0.25], "texture": "#7"},
				"west": {"uv": [4.5, 0, 4.75, 0.25], "texture": "#7"},
				"up": {"uv": [4.5, 0, 4.75, 0.25], "texture": "#7"},
				"down": {"uv": [4.5, 0, 4.75, 0.25], "texture": "#7"}
			}
		},
		{
			"name": "foot",
			"from": [8.45, 0.05, 8.325],
			"to": [9.45, 0.05, 9.325],
			"rotation": {"angle": -22.5, "axis": "x", "origin": [8.95, 1.05, 9.325]},
			"faces": {
				"north": {"uv": [4.5, 0.25, 4.75, 0.5], "texture": "#7"},
				"east": {"uv": [4.5, 0.25, 4.75, 0.5], "texture": "#7"},
				"south": {"uv": [4.5, 0.25, 4.75, 0.5], "texture": "#7"},
				"west": {"uv": [4.5, 0.25, 4.75, 0.5], "texture": "#7"},
				"up": {"uv": [4.5, 0.25, 4.75, 0.5], "texture": "#7"},
				"down": {"uv": [4.5, 0.25, 4.75, 0.5], "texture": "#7"}
			}
		},
		{
			"name": "leg",
			"from": [8.45, 0.05, 9.325],
			"to": [9.45, 1.05, 9.325],
			"rotation": {"angle": 0, "axis": "x", "origin": [8.95, 1.05, 9.325]},
			"faces": {
				"north": {"uv": [4.5, 0, 4.75, 0.25], "texture": "#8"},
				"east": {"uv": [4.5, 0, 4.75, 0.25], "texture": "#8"},
				"south": {"uv": [4.5, 0, 4.75, 0.25], "texture": "#8"},
				"west": {"uv": [4.5, 0, 4.75, 0.25], "texture": "#8"},
				"up": {"uv": [4.5, 0, 4.75, 0.25], "texture": "#8"},
				"down": {"uv": [4.5, 0, 4.75, 0.25], "texture": "#8"}
			}
		},
		{
			"name": "foot",
			"from": [8.45, 0.05, 8.325],
			"to": [9.45, 0.05, 9.325],
			"rotation": {"angle": 0, "axis": "x", "origin": [8.95, 1.05, 9.325]},
			"faces": {
				"north": {"uv": [4.5, 0.25, 4.75, 0.5], "texture": "#8"},
				"east": {"uv": [4.5, 0.25, 4.75, 0.5], "texture": "#8"},
				"south": {"uv": [4.5, 0.25, 4.75, 0.5], "texture": "#8"},
				"west": {"uv": [4.5, 0.25, 4.75, 0.5], "texture": "#8"},
				"up": {"uv": [4.5, 0.25, 4.75, 0.5], "texture": "#8"},
				"down": {"uv": [4.5, 0.25, 4.75, 0.5], "texture": "#8"}
			}
		},
		{
			"name": "leg",
			"from": [6.45, 0.05, 9.325],
			"to": [7.45, 1.05, 9.325],
			"rotation": {"angle": -22.5, "axis": "x", "origin": [6.95, 1.05, 9.325]},
			"faces": {
				"north": {"uv": [5, 0, 5.25, 0.25], "texture": "#1"},
				"east": {"uv": [5, 0, 5.25, 0.25], "texture": "#1"},
				"south": {"uv": [5, 0, 5.25, 0.25], "texture": "#1"},
				"west": {"uv": [5, 0, 5.25, 0.25], "texture": "#1"},
				"up": {"uv": [5, 0, 5.25, 0.25], "texture": "#1"},
				"down": {"uv": [5, 0, 5.25, 0.25], "texture": "#1"}
			}
		},
		{
			"name": "foot",
			"from": [6.45, 0.05, 8.325],
			"to": [7.45, 0.05, 9.325],
			"rotation": {"angle": -22.5, "axis": "x", "origin": [6.95, 1.05, 9.325]},
			"faces": {
				"north": {"uv": [5, 0.25, 5.25, 0.5], "texture": "#1"},
				"east": {"uv": [5, 0.25, 5.25, 0.5], "texture": "#1"},
				"south": {"uv": [5, 0.25, 5.25, 0.5], "texture": "#1"},
				"west": {"uv": [5, 0.25, 5.25, 0.5], "texture": "#1"},
				"up": {"uv": [5, 0.25, 5.25, 0.5], "texture": "#1"},
				"down": {"uv": [5, 0.25, 5.25, 0.5], "texture": "#1"}
			}
		},
		{
			"name": "leg",
			"from": [6.45, 0.05, 9.325],
			"to": [7.45, 1.05, 9.325],
			"rotation": {"angle": -45, "axis": "x", "origin": [6.95, 1.05, 9.325]},
			"faces": {
				"north": {"uv": [5, 0, 5.25, 0.25], "texture": "#2"},
				"east": {"uv": [5, 0, 5.25, 0.25], "texture": "#2"},
				"south": {"uv": [5, 0, 5.25, 0.25], "texture": "#2"},
				"west": {"uv": [5, 0, 5.25, 0.25], "texture": "#2"},
				"up": {"uv": [5, 0, 5.25, 0.25], "texture": "#2"},
				"down": {"uv": [5, 0, 5.25, 0.25], "texture": "#2"}
			}
		},
		{
			"name": "foot",
			"from": [6.45, 0.05, 8.325],
			"to": [7.45, 0.05, 9.325],
			"rotation": {"angle": -45, "axis": "x", "origin": [6.95, 1.05, 9.325]},
			"faces": {
				"north": {"uv": [5, 0.25, 5.25, 0.5], "texture": "#2"},
				"east": {"uv": [5, 0.25, 5.25, 0.5], "texture": "#2"},
				"south": {"uv": [5, 0.25, 5.25, 0.5], "texture": "#2"},
				"west": {"uv": [5, 0.25, 5.25, 0.5], "texture": "#2"},
				"up": {"uv": [5, 0.25, 5.25, 0.5], "texture": "#2"},
				"down": {"uv": [5, 0.25, 5.25, 0.5], "texture": "#2"}
			}
		},
		{
			"name": "leg",
			"from": [6.45, 1.05, 9.325],
			"to": [7.45, 1.05, 10.325],
			"rotation": {"angle": 22.5, "axis": "x", "origin": [6.95, 1.05, 9.325]},
			"faces": {
				"north": {"uv": [5, 0, 5.25, 0.25], "rotation": 180, "texture": "#3"},
				"east": {"uv": [5, 0, 5.25, 0.25], "rotation": 90, "texture": "#3"},
				"south": {"uv": [5, 0, 5.25, 0.25], "texture": "#3"},
				"west": {"uv": [5, 0, 5.25, 0.25], "rotation": 270, "texture": "#3"},
				"up": {"uv": [5, 0, 5.25, 0.25], "texture": "#3"},
				"down": {"uv": [5, 0, 5.25, 0.25], "rotation": 180, "texture": "#3"}
			}
		},
		{
			"name": "foot",
			"from": [6.45, 0.05, 10.325],
			"to": [7.45, 1.05, 10.325],
			"rotation": {"angle": 22.5, "axis": "x", "origin": [6.95, 1.05, 9.325]},
			"faces": {
				"north": {"uv": [5, 0.25, 5.25, 0.5], "rotation": 180, "texture": "#3"},
				"east": {"uv": [5, 0.25, 5.25, 0.5], "rotation": 90, "texture": "#3"},
				"south": {"uv": [5, 0.25, 5.25, 0.5], "texture": "#3"},
				"west": {"uv": [5, 0.25, 5.25, 0.5], "rotation": 270, "texture": "#3"},
				"up": {"uv": [5, 0.25, 5.25, 0.5], "texture": "#3"},
				"down": {"uv": [5, 0.25, 5.25, 0.5], "rotation": 180, "texture": "#3"}
			}
		},
		{
			"name": "leg",
			"from": [6.45, 0.05, 9.325],
			"to": [7.45, 1.05, 9.325],
			"rotation": {"angle": 0, "axis": "x", "origin": [6.95, 1.05, 9.325]},
			"faces": {
				"north": {"uv": [5, 0, 5.25, 0.25], "texture": "#4"},
				"east": {"uv": [5, 0, 5.25, 0.25], "texture": "#4"},
				"south": {"uv": [5, 0, 5.25, 0.25], "texture": "#4"},
				"west": {"uv": [5, 0, 5.25, 0.25], "texture": "#4"},
				"up": {"uv": [5, 0, 5.25, 0.25], "texture": "#4"},
				"down": {"uv": [5, 0, 5.25, 0.25], "texture": "#4"}
			}
		},
		{
			"name": "foot",
			"from": [6.45, 0.05, 8.325],
			"to": [7.45, 0.05, 9.325],
			"rotation": {"angle": 0, "axis": "x", "origin": [6.95, 1.05, 9.325]},
			"faces": {
				"north": {"uv": [5, 0.25, 5.25, 0.5], "texture": "#4"},
				"east": {"uv": [5, 0.25, 5.25, 0.5], "texture": "#4"},
				"south": {"uv": [5, 0.25, 5.25, 0.5], "texture": "#4"},
				"west": {"uv": [5, 0.25, 5.25, 0.5], "texture": "#4"},
				"up": {"uv": [5, 0.25, 5.25, 0.5], "texture": "#4"},
				"down": {"uv": [5, 0.25, 5.25, 0.5], "texture": "#4"}
			}
		},
		{
			"name": "leg",
			"from": [6.45, 0.05, 9.325],
			"to": [7.45, 1.05, 9.325],
			"rotation": {"angle": 22.5, "axis": "x", "origin": [6.95, 1.05, 9.325]},
			"faces": {
				"north": {"uv": [5, 0, 5.25, 0.25], "texture": "#5"},
				"east": {"uv": [5, 0, 5.25, 0.25], "texture": "#5"},
				"south": {"uv": [5, 0, 5.25, 0.25], "texture": "#5"},
				"west": {"uv": [5, 0, 5.25, 0.25], "texture": "#5"},
				"up": {"uv": [5, 0, 5.25, 0.25], "texture": "#5"},
				"down": {"uv": [5, 0, 5.25, 0.25], "texture": "#5"}
			}
		},
		{
			"name": "foot",
			"from": [6.45, 0.05, 8.325],
			"to": [7.45, 0.05, 9.325],
			"rotation": {"angle": 22.5, "axis": "x", "origin": [6.95, 1.05, 9.325]},
			"faces": {
				"north": {"uv": [5, 0.25, 5.25, 0.5], "texture": "#5"},
				"east": {"uv": [5, 0.25, 5.25, 0.5], "texture": "#5"},
				"south": {"uv": [5, 0.25, 5.25, 0.5], "texture": "#5"},
				"west": {"uv": [5, 0.25, 5.25, 0.5], "texture": "#5"},
				"up": {"uv": [5, 0.25, 5.25, 0.5], "texture": "#5"},
				"down": {"uv": [5, 0.25, 5.25, 0.5], "texture": "#5"}
			}
		},
		{
			"name": "leg",
			"from": [6.45, 0.05, 9.325],
			"to": [7.45, 1.05, 9.325],
			"rotation": {"angle": 45, "axis": "x", "origin": [6.95, 1.05, 9.325]},
			"faces": {
				"north": {"uv": [5, 0, 5.25, 0.25], "texture": "#6"},
				"east": {"uv": [5, 0, 5.25, 0.25], "texture": "#6"},
				"south": {"uv": [5, 0, 5.25, 0.25], "texture": "#6"},
				"west": {"uv": [5, 0, 5.25, 0.25], "texture": "#6"},
				"up": {"uv": [5, 0, 5.25, 0.25], "texture": "#6"},
				"down": {"uv": [5, 0, 5.25, 0.25], "texture": "#6"}
			}
		},
		{
			"name": "foot",
			"from": [6.45, 0.05, 8.325],
			"to": [7.45, 0.05, 9.325],
			"rotation": {"angle": 45, "axis": "x", "origin": [6.95, 1.05, 9.325]},
			"faces": {
				"north": {"uv": [5, 0.25, 5.25, 0.5], "texture": "#6"},
				"east": {"uv": [5, 0.25, 5.25, 0.5], "texture": "#6"},
				"south": {"uv": [5, 0.25, 5.25, 0.5], "texture": "#6"},
				"west": {"uv": [5, 0.25, 5.25, 0.5], "texture": "#6"},
				"up": {"uv": [5, 0.25, 5.25, 0.5], "texture": "#6"},
				"down": {"uv": [5, 0.25, 5.25, 0.5], "texture": "#6"}
			}
		},
		{
			"name": "leg",
			"from": [6.45, 0.05, 9.325],
			"to": [7.45, 1.05, 9.325],
			"rotation": {"angle": 22.5, "axis": "x", "origin": [6.95, 1.05, 9.325]},
			"faces": {
				"north": {"uv": [5, 0, 5.25, 0.25], "texture": "#7"},
				"east": {"uv": [5, 0, 5.25, 0.25], "texture": "#7"},
				"south": {"uv": [5, 0, 5.25, 0.25], "texture": "#7"},
				"west": {"uv": [5, 0, 5.25, 0.25], "texture": "#7"},
				"up": {"uv": [5, 0, 5.25, 0.25], "texture": "#7"},
				"down": {"uv": [5, 0, 5.25, 0.25], "texture": "#7"}
			}
		},
		{
			"name": "foot",
			"from": [6.45, 0.05, 8.325],
			"to": [7.45, 0.05, 9.325],
			"rotation": {"angle": 22.5, "axis": "x", "origin": [6.95, 1.05, 9.325]},
			"faces": {
				"north": {"uv": [5, 0.25, 5.25, 0.5], "texture": "#7"},
				"east": {"uv": [5, 0.25, 5.25, 0.5], "texture": "#7"},
				"south": {"uv": [5, 0.25, 5.25, 0.5], "texture": "#7"},
				"west": {"uv": [5, 0.25, 5.25, 0.5], "texture": "#7"},
				"up": {"uv": [5, 0.25, 5.25, 0.5], "texture": "#7"},
				"down": {"uv": [5, 0.25, 5.25, 0.5], "texture": "#7"}
			}
		},
		{
			"name": "leg",
			"from": [6.45, 0.05, 9.325],
			"to": [7.45, 1.05, 9.325],
			"rotation": {"angle": 0, "axis": "x", "origin": [6.95, 1.05, 9.325]},
			"faces": {
				"north": {"uv": [5, 0, 5.25, 0.25], "texture": "#8"},
				"east": {"uv": [5, 0, 5.25, 0.25], "texture": "#8"},
				"south": {"uv": [5, 0, 5.25, 0.25], "texture": "#8"},
				"west": {"uv": [5, 0, 5.25, 0.25], "texture": "#8"},
				"up": {"uv": [5, 0, 5.25, 0.25], "texture": "#8"},
				"down": {"uv": [5, 0, 5.25, 0.25], "texture": "#8"}
			}
		},
		{
			"name": "foot",
			"from": [6.45, 0.05, 8.325],
			"to": [7.45, 0.05, 9.325],
			"rotation": {"angle": 0, "axis": "x", "origin": [6.95, 1.05, 9.325]},
			"faces": {
				"north": {"uv": [5, 0.25, 5.25, 0.5], "texture": "#8"},
				"east": {"uv": [5, 0.25, 5.25, 0.5], "texture": "#8"},
				"south": {"uv": [5, 0.25, 5.25, 0.5], "texture": "#8"},
				"west": {"uv": [5, 0.25, 5.25, 0.5], "texture": "#8"},
				"up": {"uv": [5, 0.25, 5.25, 0.5], "texture": "#8"},
				"down": {"uv": [5, 0.25, 5.25, 0.5], "texture": "#8"}
			}
		}
	],
	"display": {
		"gui": {"rotation": [ 30, 225, 0 ],"translation": [ 0, 2, 0],"scale":[ 1, 1, 1 ]},
        "ground": {"rotation": [ 0, 0, 0 ],"translation": [ 0, 3, 0],"scale":[ 0.25, 0.25, 0.25 ]},
        "fixed": {"rotation": [ 0, 0, 0 ],"translation": [ 0, 0, 0],"scale":[ 0.5, 0.5, 0.5 ]},
        "thirdperson_righthand": {"rotation": [ 75, 45, 0 ],"translation": [ 0, 2.5, 0],"scale": [ 0.375, 0.375, 0.375 ]},
        "firstperson_righthand": {"rotation": [ 0, 45, 0 ],"translation": [ 0, 0, 0 ],"scale": [ 0.40, 0.40, 0.40 ]},
        "firstperson_lefthand": {"rotation": [ 0, 225, 0 ],"translation": [ 0, 0, 0 ],"scale": [ 0.40, 0.40, 0.40 ]},
		"head": {"translation": [0, -39, 0],"scale": [2, 2, 2]}
	},
	"groups": [
		{
			"name": "chcken",
			"origin": [8, 8, 8],
			"children": [0, 1, 2,
				{
					"name": "leg_right",
					"origin": [8, 8, 8],
					"children": [
						{"name": "frame_1","origin": [8, 8, 8],"children": [3, 4]},
						{"name": "frame_2","origin": [8, 8, 8],"children": [5, 6]},
						{"name": "frame_3","origin": [8, 8, 8],"children": [7, 8]},
						{"name": "frame_4","origin": [8, 8, 8],"children": [9, 10]},
						{"name": "frame_5","origin": [8, 8, 8],"children": [11, 12]},
						{"name": "frame_6","origin": [8, 8, 8],"children": [13, 14]},
						{"name": "frame_7","origin": [8, 8, 8],"children": [15, 16]},
						{"name": "frame_8","origin": [8, 8, 8],"children": [17, 18]}
					]
				},
				{
					"name": "leg_left",
					"origin": [8, 8, 8],
					"children": [
						{"name": "frame_1","origin": [8, 8, 8],"children": [19, 20]},
						{"name": "frame_2","origin": [8, 8, 8],"children": [21, 22]},
						{"name": "frame_3","origin": [8, 8, 8],"children": [23, 24]},
						{"name": "frame_4","origin": [8, 8, 8],"children": [25, 26]},
						{"name": "frame_5","origin": [8, 8, 8],"children": [27, 28]},
						{"name": "frame_6","origin": [8, 8, 8],"children": [29, 30]},
						{"name": "frame_7","origin": [8, 8, 8],"children": [31, 32]},
						{"name": "frame_8","origin": [8, 8, 8],"children": [33, 34]}
					]
				}
			]
		}
	]
}