{
	"textures": {
		"0": "#texture_body",
		"1": "#texture_frame_0",
		"2": "#texture_frame_1",
		"3": "#texture_frame_2",
		"4": "#texture_frame_3",
		"5": "#texture_frame_4",
		"6": "#texture_frame_5",
		"7": "#texture_frame_6",
		"8": "#texture_frame_7",
		"particle": "#texture_body"
	},
	"elements": [
		{
			"name": "head",
			"from": [5.5, 6.75, 3.5],
			"to": [10.5, 13.75, 7.25],
			"rotation": {"angle": 0, "axis": "y", "origin": [10, 13, 11]},
			"faces": {
				"north": {"uv": [12.5, 1.25, 13.75, 3.25], "texture": "#0"},
				"east": {"uv": [11.5, 1.25, 12.5, 3.25], "texture": "#0"},
				"south": {"uv": [14.75, 1.25, 16, 3.25], "texture": "#0"},
				"west": {"uv": [13.75, 1.25, 14.75, 3.25], "texture": "#0"},
				"up": {"uv": [12.5, 0.25, 13.75, 1.25], "rotation": 180, "texture": "#0"},
				"down": {"uv": [13.75, 0.25, 15, 1.25], "texture": "#0"}
			}
		},
		{
			"name": "ear_1",
			"from": [8.75, 13.75, 4.5],
			"to": [10.5, 15, 5.75],
			"rotation": {"angle": 0, "axis": "y", "origin": [10, 13, 11]},
			"faces": {
				"north": {"uv": [4, 0.5, 4.5, 1], "texture": "#0"},
				"east": {"uv": [3.75, 0.5, 4, 1], "texture": "#0"},
				"south": {"uv": [4.75, 0.5, 5.25, 1], "texture": "#0"},
				"west": {"uv": [4.5, 0.5, 4.75, 1], "texture": "#0"},
				"up": {"uv": [4, 0.25, 4.5, 0.5], "texture": "#0"},
				"down": {"uv": [4.5, 0.25, 5, 0.5], "texture": "#0"}
			}
		},
		{
			"name": "ear_2",
			"from": [5.5, 13.75, 4.5],
			"to": [7.25, 15, 5.75],
			"rotation": {"angle": 0, "axis": "y", "origin": [10, 13, 11]},
			"faces": {
				"north": {"uv": [4.5, 1.5, 5, 2], "texture": "#0"},
				"east": {"uv": [4.25, 1.5, 4.5, 2], "texture": "#0"},
				"south": {"uv": [3.75, 1.5, 4.25, 2], "texture": "#0"},
				"west": {"uv": [5, 1.5, 5.25, 2], "texture": "#0"},
				"up": {"uv": [4.5, 1.25, 5, 1.5], "texture": "#0"},
				"down": {"uv": [4, 1.25, 4.5, 1.5], "texture": "#0"}
			}
		},
		{
			"name": "snout",
			"from": [6.5, 10, 2],
			"to": [9.5, 12, 3.5],
			"faces": {
				"north": {"uv": [0.5, 1, 1.25, 1.75], "texture": "#0"},
				"east": {"uv": [0, 1, 0.5, 1.75], "texture": "#0"},
				"south": {"uv": [1.75, 1, 2.5, 1.75], "texture": "#0"},
				"west": {"uv": [1.25, 1, 1.75, 1.75], "texture": "#0"},
				"up": {"uv": [0.5, 0.5, 1.25, 1], "texture": "#0"},
				"down": {"uv": [1.25, 0.5, 2, 1], "texture": "#0"}
			}
		},
		{
			"name": "body",
			"from": [5, 4, 5],
			"to": [11, 9, 12],
			"rotation": {"angle": 0, "axis": "y", "origin": [13, 12, 14]},
			"faces": {
				"north": {"uv": [9.5, 2.75, 11, 4], "texture": "#0"},
				"east": {"uv": [4, 2.75, 6, 4], "texture": "#0"},
				"south": {"uv": [6, 2.75, 7.5, 4], "texture": "#0"},
				"west": {"uv": [7.5, 2.75, 9.5, 4], "texture": "#0"},
				"up": {"uv": [6, 0.75, 7.5, 2.75], "texture": "#0"},
				"down": {"uv": [7.5, 0.75, 9, 2.75], "texture": "#0"}
			}
		},
		{
			"name": "frame_1",
			"from": [9, 0, 10],
			"to": [11, 4, 12],
			"rotation": {"angle": 22.5, "axis": "x", "origin": [10, 4, 11]},
			"faces": {
				"north": {"uv": [0.75, 3.25, 1.5, 4.75], "texture": "#1"},
				"east": {"uv": [0, 3.25, 0.75, 4.75], "texture": "#1"},
				"south": {"uv": [2.25, 3.25, 3, 4.75], "texture": "#1"},
				"west": {"uv": [1.5, 3.25, 2.25, 4.75], "texture": "#1"},
				"up": {"uv": [0.75, 2.5, 1.5, 3.25], "texture": "#1"},
				"down": {"uv": [1.5, 2.5, 2.25, 3.25], "texture": "#1"}
			}
		},
		{
			"name": "frame_2",
			"from": [9, 0, 10],
			"to": [11, 4, 12],
			"rotation": {"angle": 45, "axis": "x", "origin": [10, 4, 11]},
			"faces": {
				"north": {"uv": [0.75, 3.25, 1.5, 4.75], "texture": "#2"},
				"east": {"uv": [0, 3.25, 0.75, 4.75], "texture": "#2"},
				"south": {"uv": [2.25, 3.25, 3, 4.75], "texture": "#2"},
				"west": {"uv": [1.5, 3.25, 2.25, 4.75], "texture": "#2"},
				"up": {"uv": [0.75, 2.5, 1.5, 3.25], "texture": "#2"},
				"down": {"uv": [1.5, 2.5, 2.25, 3.25], "texture": "#2"}
			}
		},
		{
			"name": "frame_3",
			"from": [9, 0, 10],
			"to": [11, 4, 12],
			"rotation": {"angle": 22.5, "axis": "x", "origin": [10, 4, 11]},
			"faces": {
				"north": {"uv": [0.75, 3.25, 1.5, 4.75], "texture": "#3"},
				"east": {"uv": [0, 3.25, 0.75, 4.75], "texture": "#3"},
				"south": {"uv": [2.25, 3.25, 3, 4.75], "texture": "#3"},
				"west": {"uv": [1.5, 3.25, 2.25, 4.75], "texture": "#3"},
				"up": {"uv": [0.75, 2.5, 1.5, 3.25], "texture": "#3"},
				"down": {"uv": [1.5, 2.5, 2.25, 3.25], "texture": "#3"}
			}
		},
		{
			"name": "frame_4",
			"from": [9, 0, 10],
			"to": [11, 4, 12],
			"rotation": {"angle": 0, "axis": "x", "origin": [10, 4, 11]},
			"faces": {
				"north": {"uv": [0.75, 3.25, 1.5, 4.75], "texture": "#4"},
				"east": {"uv": [0, 3.25, 0.75, 4.75], "texture": "#4"},
				"south": {"uv": [2.25, 3.25, 3, 4.75], "texture": "#4"},
				"west": {"uv": [1.5, 3.25, 2.25, 4.75], "texture": "#4"},
				"up": {"uv": [0.75, 2.5, 1.5, 3.25], "texture": "#4"},
				"down": {"uv": [1.5, 2.5, 2.25, 3.25], "texture": "#4"}
			}
		},
		{
			"name": "frame_5",
			"from": [9, 0, 10],
			"to": [11, 4, 12],
			"rotation": {"angle": -22.5, "axis": "x", "origin": [10, 4, 11]},
			"faces": {
				"north": {"uv": [0.75, 3.25, 1.5, 4.75], "texture": "#5"},
				"east": {"uv": [0, 3.25, 0.75, 4.75], "texture": "#5"},
				"south": {"uv": [2.25, 3.25, 3, 4.75], "texture": "#5"},
				"west": {"uv": [1.5, 3.25, 2.25, 4.75], "texture": "#5"},
				"up": {"uv": [0.75, 2.5, 1.5, 3.25], "texture": "#5"},
				"down": {"uv": [1.5, 2.5, 2.25, 3.25], "texture": "#5"}
			}
		},
		{
			"name": "frame_6",
			"from": [9, 0, 10],
			"to": [11, 4, 12],
			"rotation": {"angle": -45, "axis": "x", "origin": [10, 4, 11]},
			"faces": {
				"north": {"uv": [0.75, 3.25, 1.5, 4.75], "texture": "#6"},
				"east": {"uv": [0, 3.25, 0.75, 4.75], "texture": "#6"},
				"south": {"uv": [2.25, 3.25, 3, 4.75], "texture": "#6"},
				"west": {"uv": [1.5, 3.25, 2.25, 4.75], "texture": "#6"},
				"up": {"uv": [0.75, 2.5, 1.5, 3.25], "texture": "#6"},
				"down": {"uv": [1.5, 2.5, 2.25, 3.25], "texture": "#6"}
			}
		},
		{
			"name": "frame_7",
			"from": [9, 0, 10],
			"to": [11, 4, 12],
			"rotation": {"angle": -22.5, "axis": "x", "origin": [10, 4, 11]},
			"faces": {
				"north": {"uv": [0.75, 3.25, 1.5, 4.75], "texture": "#7"},
				"east": {"uv": [0, 3.25, 0.75, 4.75], "texture": "#7"},
				"south": {"uv": [2.25, 3.25, 3, 4.75], "texture": "#7"},
				"west": {"uv": [1.5, 3.25, 2.25, 4.75], "texture": "#7"},
				"up": {"uv": [0.75, 2.5, 1.5, 3.25], "texture": "#7"},
				"down": {"uv": [1.5, 2.5, 2.25, 3.25], "texture": "#7"}
			}
		},
		{
			"name": "frame_8",
			"from": [9, 0, 10],
			"to": [11, 4, 12],
			"rotation": {"angle": 0, "axis": "x", "origin": [10, 4, 11]},
			"faces": {
				"north": {"uv": [0.75, 3.25, 1.5, 4.75], "texture": "#8"},
				"east": {"uv": [0, 3.25, 0.75, 4.75], "texture": "#8"},
				"south": {"uv": [2.25, 3.25, 3, 4.75], "texture": "#8"},
				"west": {"uv": [1.5, 3.25, 2.25, 4.75], "texture": "#8"},
				"up": {"uv": [0.75, 2.5, 1.5, 3.25], "texture": "#8"},
				"down": {"uv": [1.5, 2.5, 2.25, 3.25], "texture": "#8"}
			}
		},
		{
			"name": "frame_1",
			"from": [9, 0, 5],
			"to": [11, 4, 7],
			"rotation": {"angle": -22.5, "axis": "x", "origin": [10, 4, 6]},
			"faces": {
				"north": {"uv": [0.75, 3.25, 1.5, 4.75], "texture": "#1"},
				"east": {"uv": [0, 3.25, 0.75, 4.75], "texture": "#1"},
				"south": {"uv": [2.25, 3.25, 3, 4.75], "texture": "#1"},
				"west": {"uv": [1.5, 3.25, 2.25, 4.75], "texture": "#1"},
				"up": {"uv": [0.75, 2.5, 1.5, 3.25], "texture": "#1"},
				"down": {"uv": [1.5, 2.5, 2.25, 3.25], "texture": "#1"}
			}
		},
		{
			"name": "frame_2",
			"from": [9, 0, 5],
			"to": [11, 4, 7],
			"rotation": {"angle": -45, "axis": "x", "origin": [10, 4, 6]},
			"faces": {
				"north": {"uv": [0.75, 3.25, 1.5, 4.75], "texture": "#2"},
				"east": {"uv": [0, 3.25, 0.75, 4.75], "texture": "#2"},
				"south": {"uv": [2.25, 3.25, 3, 4.75], "texture": "#2"},
				"west": {"uv": [1.5, 3.25, 2.25, 4.75], "texture": "#2"},
				"up": {"uv": [0.75, 2.5, 1.5, 3.25], "texture": "#2"},
				"down": {"uv": [1.5, 2.5, 2.25, 3.25], "texture": "#2"}
			}
		},
		{
			"name": "frame_3",
			"from": [9, 0, 5],
			"to": [11, 4, 7],
			"rotation": {"angle": -22.5, "axis": "x", "origin": [10, 4, 6]},
			"faces": {
				"north": {"uv": [0.75, 3.25, 1.5, 4.75], "texture": "#3"},
				"east": {"uv": [0, 3.25, 0.75, 4.75], "texture": "#3"},
				"south": {"uv": [2.25, 3.25, 3, 4.75], "texture": "#3"},
				"west": {"uv": [1.5, 3.25, 2.25, 4.75], "texture": "#3"},
				"up": {"uv": [0.75, 2.5, 1.5, 3.25], "texture": "#3"},
				"down": {"uv": [1.5, 2.5, 2.25, 3.25], "texture": "#3"}
			}
		},
		{
			"name": "frame_4",
			"from": [9, 0, 5],
			"to": [11, 4, 7],
			"rotation": {"angle": 0, "axis": "x", "origin": [10, 4, 6]},
			"faces": {
				"north": {"uv": [0.75, 3.25, 1.5, 4.75], "texture": "#4"},
				"east": {"uv": [0, 3.25, 0.75, 4.75], "texture": "#4"},
				"south": {"uv": [2.25, 3.25, 3, 4.75], "texture": "#4"},
				"west": {"uv": [1.5, 3.25, 2.25, 4.75], "texture": "#4"},
				"up": {"uv": [0.75, 2.5, 1.5, 3.25], "texture": "#4"},
				"down": {"uv": [1.5, 2.5, 2.25, 3.25], "texture": "#4"}
			}
		},
		{
			"name": "frame_5",
			"from": [9, 0, 5],
			"to": [11, 4, 7],
			"rotation": {"angle": 22.5, "axis": "x", "origin": [10, 4, 6]},
			"faces": {
				"north": {"uv": [0.75, 3.25, 1.5, 4.75], "texture": "#5"},
				"east": {"uv": [0, 3.25, 0.75, 4.75], "texture": "#5"},
				"south": {"uv": [2.25, 3.25, 3, 4.75], "texture": "#5"},
				"west": {"uv": [1.5, 3.25, 2.25, 4.75], "texture": "#5"},
				"up": {"uv": [0.75, 2.5, 1.5, 3.25], "texture": "#5"},
				"down": {"uv": [1.5, 2.5, 2.25, 3.25], "texture": "#5"}
			}
		},
		{
			"name": "frame_6",
			"from": [9, 0, 5],
			"to": [11, 4, 7],
			"rotation": {"angle": 45, "axis": "x", "origin": [10, 4, 6]},
			"faces": {
				"north": {"uv": [0.75, 3.25, 1.5, 4.75], "texture": "#6"},
				"east": {"uv": [0, 3.25, 0.75, 4.75], "texture": "#6"},
				"south": {"uv": [2.25, 3.25, 3, 4.75], "texture": "#6"},
				"west": {"uv": [1.5, 3.25, 2.25, 4.75], "texture": "#6"},
				"up": {"uv": [0.75, 2.5, 1.5, 3.25], "texture": "#6"},
				"down": {"uv": [1.5, 2.5, 2.25, 3.25], "texture": "#6"}
			}
		},
		{
			"name": "frame_7",
			"from": [9, 0, 5],
			"to": [11, 4, 7],
			"rotation": {"angle": 22.5, "axis": "x", "origin": [10, 4, 6]},
			"faces": {
				"north": {"uv": [0.75, 3.25, 1.5, 4.75], "texture": "#7"},
				"east": {"uv": [0, 3.25, 0.75, 4.75], "texture": "#7"},
				"south": {"uv": [2.25, 3.25, 3, 4.75], "texture": "#7"},
				"west": {"uv": [1.5, 3.25, 2.25, 4.75], "texture": "#7"},
				"up": {"uv": [0.75, 2.5, 1.5, 3.25], "texture": "#7"},
				"down": {"uv": [1.5, 2.5, 2.25, 3.25], "texture": "#7"}
			}
		},
		{
			"name": "frame_8",
			"from": [9, 0, 5],
			"to": [11, 4, 7],
			"rotation": {"angle": 0, "axis": "x", "origin": [10, 4, 6]},
			"faces": {
				"north": {"uv": [0.75, 3.25, 1.5, 4.75], "texture": "#8"},
				"east": {"uv": [0, 3.25, 0.75, 4.75], "texture": "#8"},
				"south": {"uv": [2.25, 3.25, 3, 4.75], "texture": "#8"},
				"west": {"uv": [1.5, 3.25, 2.25, 4.75], "texture": "#8"},
				"up": {"uv": [0.75, 2.5, 1.5, 3.25], "texture": "#8"},
				"down": {"uv": [1.5, 2.5, 2.25, 3.25], "texture": "#8"}
			}
		},
		{
			"name": "frame_1",
			"from": [5, 0, 10],
			"to": [7, 4, 12],
			"rotation": {"angle": -22.5, "axis": "x", "origin": [6, 4, 11]},
			"faces": {
				"north": {"uv": [0.75, 3.25, 1.5, 4.75], "texture": "#1"},
				"east": {"uv": [0, 3.25, 0.75, 4.75], "texture": "#1"},
				"south": {"uv": [2.25, 3.25, 3, 4.75], "texture": "#1"},
				"west": {"uv": [1.5, 3.25, 2.25, 4.75], "texture": "#1"},
				"up": {"uv": [0.75, 2.5, 1.5, 3.25], "texture": "#1"},
				"down": {"uv": [1.5, 2.5, 2.25, 3.25], "texture": "#1"}
			}
		},
		{
			"name": "frame_2",
			"from": [5, 0, 10],
			"to": [7, 4, 12],
			"rotation": {"angle": -45, "axis": "x", "origin": [6, 4, 11]},
			"faces": {
				"north": {"uv": [0.75, 3.25, 1.5, 4.75], "texture": "#2"},
				"east": {"uv": [0, 3.25, 0.75, 4.75], "texture": "#2"},
				"south": {"uv": [2.25, 3.25, 3, 4.75], "texture": "#2"},
				"west": {"uv": [1.5, 3.25, 2.25, 4.75], "texture": "#2"},
				"up": {"uv": [0.75, 2.5, 1.5, 3.25], "texture": "#2"},
				"down": {"uv": [1.5, 2.5, 2.25, 3.25], "texture": "#2"}
			}
		},
		{
			"name": "frame_3",
			"from": [5, 0, 10],
			"to": [7, 4, 12],
			"rotation": {"angle": -22.5, "axis": "x", "origin": [6, 4, 11]},
			"faces": {
				"north": {"uv": [0.75, 3.25, 1.5, 4.75], "texture": "#3"},
				"east": {"uv": [0, 3.25, 0.75, 4.75], "texture": "#3"},
				"south": {"uv": [2.25, 3.25, 3, 4.75], "texture": "#3"},
				"west": {"uv": [1.5, 3.25, 2.25, 4.75], "texture": "#3"},
				"up": {"uv": [0.75, 2.5, 1.5, 3.25], "texture": "#3"},
				"down": {"uv": [1.5, 2.5, 2.25, 3.25], "texture": "#3"}
			}
		},
		{
			"name": "frame_4",
			"from": [5, 0, 10],
			"to": [7, 4, 12],
			"rotation": {"angle": 0, "axis": "x", "origin": [6, 4, 11]},
			"faces": {
				"north": {"uv": [0.75, 3.25, 1.5, 4.75], "texture": "#4"},
				"east": {"uv": [0, 3.25, 0.75, 4.75], "texture": "#4"},
				"south": {"uv": [2.25, 3.25, 3, 4.75], "texture": "#4"},
				"west": {"uv": [1.5, 3.25, 2.25, 4.75], "texture": "#4"},
				"up": {"uv": [0.75, 2.5, 1.5, 3.25], "texture": "#4"},
				"down": {"uv": [1.5, 2.5, 2.25, 3.25], "texture": "#4"}
			}
		},
		{
			"name": "frame_5",
			"from": [5, 0, 10],
			"to": [7, 4, 12],
			"rotation": {"angle": 22.5, "axis": "x", "origin": [6, 4, 11]},
			"faces": {
				"north": {"uv": [0.75, 3.25, 1.5, 4.75], "texture": "#5"},
				"east": {"uv": [0, 3.25, 0.75, 4.75], "texture": "#5"},
				"south": {"uv": [2.25, 3.25, 3, 4.75], "texture": "#5"},
				"west": {"uv": [1.5, 3.25, 2.25, 4.75], "texture": "#5"},
				"up": {"uv": [0.75, 2.5, 1.5, 3.25], "texture": "#5"},
				"down": {"uv": [1.5, 2.5, 2.25, 3.25], "texture": "#5"}
			}
		},
		{
			"name": "frame_6",
			"from": [5, 0, 10],
			"to": [7, 4, 12],
			"rotation": {"angle": 45, "axis": "x", "origin": [6, 4, 11]},
			"faces": {
				"north": {"uv": [0.75, 3.25, 1.5, 4.75], "texture": "#6"},
				"east": {"uv": [0, 3.25, 0.75, 4.75], "texture": "#6"},
				"south": {"uv": [2.25, 3.25, 3, 4.75], "texture": "#6"},
				"west": {"uv": [1.5, 3.25, 2.25, 4.75], "texture": "#6"},
				"up": {"uv": [0.75, 2.5, 1.5, 3.25], "texture": "#6"},
				"down": {"uv": [1.5, 2.5, 2.25, 3.25], "texture": "#6"}
			}
		},
		{
			"name": "frame_7",
			"from": [5, 0, 10],
			"to": [7, 4, 12],
			"rotation": {"angle": 22.5, "axis": "x", "origin": [6, 4, 11]},
			"faces": {
				"north": {"uv": [0.75, 3.25, 1.5, 4.75], "texture": "#7"},
				"east": {"uv": [0, 3.25, 0.75, 4.75], "texture": "#7"},
				"south": {"uv": [2.25, 3.25, 3, 4.75], "texture": "#7"},
				"west": {"uv": [1.5, 3.25, 2.25, 4.75], "texture": "#7"},
				"up": {"uv": [0.75, 2.5, 1.5, 3.25], "texture": "#7"},
				"down": {"uv": [1.5, 2.5, 2.25, 3.25], "texture": "#7"}
			}
		},
		{
			"name": "frame_8",
			"from": [5, 0, 10],
			"to": [7, 4, 12],
			"rotation": {"angle": 0, "axis": "x", "origin": [6, 4, 11]},
			"faces": {
				"north": {"uv": [0.75, 3.25, 1.5, 4.75], "texture": "#8"},
				"east": {"uv": [0, 3.25, 0.75, 4.75], "texture": "#8"},
				"south": {"uv": [2.25, 3.25, 3, 4.75], "texture": "#8"},
				"west": {"uv": [1.5, 3.25, 2.25, 4.75], "texture": "#8"},
				"up": {"uv": [0.75, 2.5, 1.5, 3.25], "texture": "#8"},
				"down": {"uv": [1.5, 2.5, 2.25, 3.25], "texture": "#8"}
			}
		},
		{
			"name": "frame_1",
			"from": [5, 0, 5],
			"to": [7, 4, 7],
			"rotation": {"angle": 22.5, "axis": "x", "origin": [6, 4, 6]},
			"faces": {
				"north": {"uv": [0.75, 3.25, 1.5, 4.75], "texture": "#1"},
				"east": {"uv": [0, 3.25, 0.75, 4.75], "texture": "#1"},
				"south": {"uv": [2.25, 3.25, 3, 4.75], "texture": "#1"},
				"west": {"uv": [1.5, 3.25, 2.25, 4.75], "texture": "#1"},
				"up": {"uv": [0.75, 2.5, 1.5, 3.25], "texture": "#1"},
				"down": {"uv": [1.5, 2.5, 2.25, 3.25], "texture": "#1"}
			}
		},
		{
			"name": "frame_2",
			"from": [5, 0, 5],
			"to": [7, 4, 7],
			"rotation": {"angle": 45, "axis": "x", "origin": [6, 4, 6]},
			"faces": {
				"north": {"uv": [0.75, 3.25, 1.5, 4.75], "texture": "#2"},
				"east": {"uv": [0, 3.25, 0.75, 4.75], "texture": "#2"},
				"south": {"uv": [2.25, 3.25, 3, 4.75], "texture": "#2"},
				"west": {"uv": [1.5, 3.25, 2.25, 4.75], "texture": "#2"},
				"up": {"uv": [0.75, 2.5, 1.5, 3.25], "texture": "#2"},
				"down": {"uv": [1.5, 2.5, 2.25, 3.25], "texture": "#2"}
			}
		},
		{
			"name": "frame_3",
			"from": [5, 0, 5],
			"to": [7, 4, 7],
			"rotation": {"angle": 22.5, "axis": "x", "origin": [6, 4, 6]},
			"faces": {
				"north": {"uv": [0.75, 3.25, 1.5, 4.75], "texture": "#3"},
				"east": {"uv": [0, 3.25, 0.75, 4.75], "texture": "#3"},
				"south": {"uv": [2.25, 3.25, 3, 4.75], "texture": "#3"},
				"west": {"uv": [1.5, 3.25, 2.25, 4.75], "texture": "#3"},
				"up": {"uv": [0.75, 2.5, 1.5, 3.25], "texture": "#3"},
				"down": {"uv": [1.5, 2.5, 2.25, 3.25], "texture": "#3"}
			}
		},
		{
			"name": "frame_4",
			"from": [5, 0, 5],
			"to": [7, 4, 7],
			"rotation": {"angle": 0, "axis": "x", "origin": [6, 4, 6]},
			"faces": {
				"north": {"uv": [0.75, 3.25, 1.5, 4.75], "texture": "#4"},
				"east": {"uv": [0, 3.25, 0.75, 4.75], "texture": "#4"},
				"south": {"uv": [2.25, 3.25, 3, 4.75], "texture": "#4"},
				"west": {"uv": [1.5, 3.25, 2.25, 4.75], "texture": "#4"},
				"up": {"uv": [0.75, 2.5, 1.5, 3.25], "texture": "#4"},
				"down": {"uv": [1.5, 2.5, 2.25, 3.25], "texture": "#4"}
			}
		},
		{
			"name": "frame_5",
			"from": [5, 0, 5],
			"to": [7, 4, 7],
			"rotation": {"angle": -22.5, "axis": "x", "origin": [6, 4, 6]},
			"faces": {
				"north": {"uv": [0.75, 3.25, 1.5, 4.75], "texture": "#5"},
				"east": {"uv": [0, 3.25, 0.75, 4.75], "texture": "#5"},
				"south": {"uv": [2.25, 3.25, 3, 4.75], "texture": "#5"},
				"west": {"uv": [1.5, 3.25, 2.25, 4.75], "texture": "#5"},
				"up": {"uv": [0.75, 2.5, 1.5, 3.25], "texture": "#5"},
				"down": {"uv": [1.5, 2.5, 2.25, 3.25], "texture": "#5"}
			}
		},
		{
			"name": "frame_6",
			"from": [5, 0, 5],
			"to": [7, 4, 7],
			"rotation": {"angle": -45, "axis": "x", "origin": [6, 4, 6]},
			"faces": {
				"north": {"uv": [0.75, 3.25, 1.5, 4.75], "texture": "#6"},
				"east": {"uv": [0, 3.25, 0.75, 4.75], "texture": "#6"},
				"south": {"uv": [2.25, 3.25, 3, 4.75], "texture": "#6"},
				"west": {"uv": [1.5, 3.25, 2.25, 4.75], "texture": "#6"},
				"up": {"uv": [0.75, 2.5, 1.5, 3.25], "texture": "#6"},
				"down": {"uv": [1.5, 2.5, 2.25, 3.25], "texture": "#6"}
			}
		},
		{
			"name": "frame_7",
			"from": [5, 0, 5],
			"to": [7, 4, 7],
			"rotation": {"angle": -22.5, "axis": "x", "origin": [6, 4, 6]},
			"faces": {
				"north": {"uv": [0.75, 3.25, 1.5, 4.75], "texture": "#7"},
				"east": {"uv": [0, 3.25, 0.75, 4.75], "texture": "#7"},
				"south": {"uv": [2.25, 3.25, 3, 4.75], "texture": "#7"},
				"west": {"uv": [1.5, 3.25, 2.25, 4.75], "texture": "#7"},
				"up": {"uv": [0.75, 2.5, 1.5, 3.25], "texture": "#7"},
				"down": {"uv": [1.5, 2.5, 2.25, 3.25], "texture": "#7"}
			}
		},
		{
			"name": "frame_8",
			"from": [5, 0, 5],
			"to": [7, 4, 7],
			"rotation": {"angle": 0, "axis": "x", "origin": [6, 4, 6]},
			"faces": {
				"north": {"uv": [0.75, 3.25, 1.5, 4.75], "texture": "#8"},
				"east": {"uv": [0, 3.25, 0.75, 4.75], "texture": "#8"},
				"south": {"uv": [2.25, 3.25, 3, 4.75], "texture": "#8"},
				"west": {"uv": [1.5, 3.25, 2.25, 4.75], "texture": "#8"},
				"up": {"uv": [0.75, 2.5, 1.5, 3.25], "texture": "#8"},
				"down": {"uv": [1.5, 2.5, 2.25, 3.25], "texture": "#8"}
			}
		}
	],
	"display": {
		"gui": {"rotation": [ 30, 225, 0 ],"translation": [ 0, 2, 0],"scale":[ 1, 1, 1 ]},
        "ground": {"rotation": [ 0, 0, 0 ],"translation": [ 0, 3, 0],"scale":[ 0.25, 0.25, 0.25 ]},
        "fixed": {"rotation": [ 0, 0, 0 ],"translation": [ 0, 0, 0],"scale":[ 0.5, 0.5, 0.5 ]},
        "thirdperson_righthand": {"rotation": [ 75, 45, 0 ],"translation": [ 0, 2.5, 0],"scale": [ 0.375, 0.375, 0.375 ]},
        "firstperson_righthand": {"rotation": [ 0, 45, 0 ],"translation": [ 0, 0, 0 ],"scale": [ 0.40, 0.40, 0.40 ]},
        "firstperson_lefthand": {"rotation": [ 0, 225, 0 ],"translation": [ 0, 0, 0 ],"scale": [ 0.40, 0.40, 0.40 ]},
		"head": {"translation": [0, -35, 0],"scale": [2.5, 2.5, 2.5]}
	},
	"groups": [
		{
			"name": "llama",
			"origin": [8, 8, 8],
			"children": [0, 1, 2, 3, 4,
				{"name": "lef_br","origin": [6, 4, 11],"children": [5, 6, 7, 8, 9, 10, 11, 12]},
				{"name": "leg_fr","origin": [10, 1, 8],"children": [13, 14, 15, 16, 17, 18, 19, 20]},
				{"name": "leg_bl","origin": [8, 8, 8],"children": [21, 22, 23, 24, 25, 26, 27, 28]},
				{"name": "leg_fl","origin": [8, 8, 8],"children": [29, 30, 31, 32, 33, 34, 35, 36]}
			]
		}
	]
}