{
	"textures": {
		"1": "#texture_frame_0",
		"2": "#texture_frame_1",
		"3": "#texture_frame_2",
		"4": "#texture_frame_3",
		"5": "#texture_frame_4",
		"6": "#texture_frame_5",
		"7": "#texture_frame_6",
		"8": "#texture_frame_7",
		"particle": "#texture_body"
	},
	"elements": [
		{
			"name": "antenna1",
			"from": [9.5, 5, -1],
			"to": [9.5, 7, 2],
			"rotation": {"angle": 0, "axis": "y", "origin": [5.5, 2, 8]},
			"faces": {
				"north": {"uv": [0, 0, 0, 2], "texture": "#1"},
				"east": {"uv": [0.5, 0.75, 1.25, 1.25], "texture": "#1"},
				"south": {"uv": [0, 0, 0, 2], "texture": "#1"},
				"west": {"uv": [1.5, 1.5, 2.25, 2], "texture": "#1"},
				"up": {"uv": [0, 0, 0, 2], "rotation": 180, "texture": "#1"},
				"down": {"uv": [0, 0, 0, 2], "rotation": 180, "texture": "#1"}
			}
		},
		{
			"name": "antenna2",
			"from": [6.5, 5, -1],
			"to": [6.5, 7, 2],
			"rotation": {"angle": 0, "axis": "y", "origin": [5.5, 2, 8]},
			"faces": {
				"north": {"uv": [0, 0, 0, 2], "texture": "#1"},
				"east": {"uv": [0.5, 0.75, 1.25, 1.25], "texture": "#1"},
				"south": {"uv": [0, 0, 0, 2], "texture": "#1"},
				"west": {"uv": [1.5, 1.5, 2.25, 2], "texture": "#1"},
				"up": {"uv": [0, 0, 0, 3], "rotation": 180, "texture": "#1"},
				"down": {"uv": [0, 0, 0, 3], "rotation": 180, "texture": "#1"}
			}
		},
		{
			"name": "mouth",
			"from": [6.925, 0.125, 1.925],
			"to": [9.25, 2.825, 1.925],
			"rotation": {"angle": 0, "axis": "y", "origin": [5.5, 2, 8]},
			"faces": {
				"north": {"uv": [0.75, 4.25, 1.5, 5.25], "texture": "#1"},
				"east": {"uv": [0, 0, 0, 3], "texture": "#1"},
				"south": {"uv": [0.5, 4.25, 1.75, 5.25], "texture": "#1"},
				"west": {"uv": [0, 0, 0, 3], "texture": "#1"},
				"up": {"uv": [0, 0, 3, 0], "rotation": 180, "texture": "#1"},
				"down": {"uv": [0.5, 4.25, 1.5, 5.25], "rotation": 180, "texture": "#1"}
			}
		},
		{
			"name": "body1",
			"from": [4.5, 0, 1],
			"to": [11.5, 7, 4],
			"rotation": {"angle": 0, "axis": "y", "origin": [5.5, 2, 7]},
			"faces": {
				"north": {"uv": [2.5, 2.5, 4.25, 4.25], "texture": "#1"},
				"east": {"uv": [2, 2.5, 2.5, 4.25], "texture": "#1"},
				"south": {"uv": [6.25, 2.5, 8.5, 4.25], "texture": "#1"},
				"west": {"uv": [4.25, 2.5, 4.75, 4.25], "texture": "#1"},
				"up": {"uv": [2.5, 2, 4.25, 2.5], "rotation": 180, "texture": "#1"},
				"down": {"uv": [4.25, 0, 6, 0.5], "rotation": 180, "texture": "#1"}
			}
		},
		{
			"name": "antenna2",
			"from": [9, 5, -1],
			"to": [9, 7, 2],
			"rotation": {"angle": 0, "axis": "y", "origin": [5, 2, 8]},
			"faces": {
				"north": {"uv": [0, 0, 0, 2], "texture": "#2"},
				"east": {"uv": [0.5, 0.75, 1.25, 1.25], "texture": "#2"},
				"south": {"uv": [0, 0, 0, 2], "texture": "#2"},
				"west": {"uv": [1.5, 1.5, 2.25, 2], "texture": "#2"},
				"up": {"uv": [0, 0, 0, 2], "rotation": 180, "texture": "#2"},
				"down": {"uv": [0, 0, 0, 2], "rotation": 180, "texture": "#2"}
			}
		},
		{
			"name": "antenna3",
			"from": [6, 5, -1],
			"to": [6, 7, 2],
			"rotation": {"angle": 0, "axis": "y", "origin": [5, 2, 8]},
			"faces": {
				"north": {"uv": [0, 0, 0, 2], "texture": "#2"},
				"east": {"uv": [0.5, 0.75, 1.25, 1.25], "texture": "#2"},
				"south": {"uv": [0, 0, 0, 2], "texture": "#2"},
				"west": {"uv": [1.5, 1.5, 2.25, 2], "texture": "#2"},
				"up": {"uv": [0, 0, 0, 3], "rotation": 180, "texture": "#2"},
				"down": {"uv": [0, 0, 0, 3], "rotation": 180, "texture": "#2"}
			}
		},
		{
			"name": "mouth",
			"from": [6.425, 0.125, 1.925],
			"to": [8.75, 2.825, 1.925],
			"rotation": {"angle": 0, "axis": "y", "origin": [5, 2, 8]},
			"faces": {
				"north": {"uv": [0.75, 4.25, 1.5, 5.25], "texture": "#2"},
				"east": {"uv": [0, 0, 0, 3], "texture": "#2"},
				"south": {"uv": [0.5, 4.25, 1.75, 5.25], "texture": "#2"},
				"west": {"uv": [0, 0, 0, 3], "texture": "#2"},
				"up": {"uv": [0, 0, 3, 0], "rotation": 180, "texture": "#2"},
				"down": {"uv": [0.5, 4.25, 1.5, 5.25], "rotation": 180, "texture": "#2"}
			}
		},
		{
			"name": "body2",
			"from": [4, 0, 1],
			"to": [11, 7, 4],
			"rotation": {"angle": 0, "axis": "y", "origin": [5, 2, 7]},
			"faces": {
				"north": {"uv": [2.5, 2.5, 4.25, 4.25], "texture": "#2"},
				"east": {"uv": [2, 2.5, 2.5, 4.25], "texture": "#2"},
				"south": {"uv": [6.25, 2.5, 8.5, 4.25], "texture": "#2"},
				"west": {"uv": [4.25, 2.5, 4.75, 4.25], "texture": "#2"},
				"up": {"uv": [2.5, 2, 4.25, 2.5], "rotation": 180, "texture": "#2"},
				"down": {"uv": [4.25, 0, 6, 0.5], "rotation": 180, "texture": "#2"}
			}
		},
		{
			"name": "antenna3",
			"from": [8.5, 5, -1],
			"to": [8.5, 7, 2],
			"rotation": {"angle": 0, "axis": "y", "origin": [4.5, 2, 8]},
			"faces": {
				"north": {"uv": [0, 0, 0, 2], "texture": "#3"},
				"east": {"uv": [0.5, 0.75, 1.25, 1.25], "texture": "#3"},
				"south": {"uv": [0, 0, 0, 2], "texture": "#3"},
				"west": {"uv": [1.5, 1.5, 2.25, 2], "texture": "#3"},
				"up": {"uv": [0, 0, 0, 2], "rotation": 180, "texture": "#3"},
				"down": {"uv": [0, 0, 0, 2], "rotation": 180, "texture": "#3"}
			}
		},
		{
			"name": "antenna4",
			"from": [5.5, 5, -1],
			"to": [5.5, 7, 2],
			"rotation": {"angle": 0, "axis": "y", "origin": [4.5, 2, 8]},
			"faces": {
				"north": {"uv": [0, 0, 0, 2], "texture": "#3"},
				"east": {"uv": [0.5, 0.75, 1.25, 1.25], "texture": "#3"},
				"south": {"uv": [0, 0, 0, 2], "texture": "#3"},
				"west": {"uv": [1.5, 1.5, 2.25, 2], "texture": "#3"},
				"up": {"uv": [0, 0, 0, 3], "rotation": 180, "texture": "#3"},
				"down": {"uv": [0, 0, 0, 3], "rotation": 180, "texture": "#3"}
			}
		},
		{
			"name": "mouth",
			"from": [5.925, 0.125, 1.925],
			"to": [8.25, 2.825, 1.925],
			"rotation": {"angle": 0, "axis": "y", "origin": [4.5, 2, 8]},
			"faces": {
				"north": {"uv": [0.75, 4.25, 1.5, 5.25], "texture": "#3"},
				"east": {"uv": [0, 0, 0, 3], "texture": "#3"},
				"south": {"uv": [0.5, 4.25, 1.75, 5.25], "texture": "#3"},
				"west": {"uv": [0, 0, 0, 3], "texture": "#3"},
				"up": {"uv": [0, 0, 3, 0], "rotation": 180, "texture": "#3"},
				"down": {"uv": [0.5, 4.25, 1.5, 5.25], "rotation": 180, "texture": "#3"}
			}
		},
		{
			"name": "body3",
			"from": [3.5, 0, 1],
			"to": [10.5, 7, 4],
			"rotation": {"angle": 0, "axis": "y", "origin": [4.5, 2, 7]},
			"faces": {
				"north": {"uv": [2.5, 2.5, 4.25, 4.25], "texture": "#3"},
				"east": {"uv": [2, 2.5, 2.5, 4.25], "texture": "#3"},
				"south": {"uv": [6.25, 2.5, 8.5, 4.25], "texture": "#3"},
				"west": {"uv": [4.25, 2.5, 4.75, 4.25], "texture": "#3"},
				"up": {"uv": [2.5, 2, 4.25, 2.5], "rotation": 180, "texture": "#3"},
				"down": {"uv": [4.25, 0, 6, 0.5], "rotation": 180, "texture": "#3"}
			}
		},
		{
			"name": "antenna4",
			"from": [9, 5, -1],
			"to": [9, 7, 2],
			"rotation": {"angle": 0, "axis": "y", "origin": [5, 2, 8]},
			"faces": {
				"north": {"uv": [0, 0, 0, 2], "texture": "#4"},
				"east": {"uv": [0.5, 0.75, 1.25, 1.25], "texture": "#4"},
				"south": {"uv": [0, 0, 0, 2], "texture": "#4"},
				"west": {"uv": [1.5, 1.5, 2.25, 2], "texture": "#4"},
				"up": {"uv": [0, 0, 0, 2], "rotation": 180, "texture": "#4"},
				"down": {"uv": [0, 0, 0, 2], "rotation": 180, "texture": "#4"}
			}
		},
		{
			"name": "antenna5",
			"from": [6, 5, -1],
			"to": [6, 7, 2],
			"rotation": {"angle": 0, "axis": "y", "origin": [5, 2, 8]},
			"faces": {
				"north": {"uv": [0, 0, 0, 2], "texture": "#4"},
				"east": {"uv": [0.5, 0.75, 1.25, 1.25], "texture": "#4"},
				"south": {"uv": [0, 0, 0, 2], "texture": "#4"},
				"west": {"uv": [1.5, 1.5, 2.25, 2], "texture": "#4"},
				"up": {"uv": [0, 0, 0, 3], "rotation": 180, "texture": "#4"},
				"down": {"uv": [0, 0, 0, 3], "rotation": 180, "texture": "#4"}
			}
		},
		{
			"name": "mouth",
			"from": [6.425, 0.125, 1.925],
			"to": [8.75, 2.825, 1.925],
			"rotation": {"angle": 0, "axis": "y", "origin": [5, 2, 8]},
			"faces": {
				"north": {"uv": [0.75, 4.25, 1.5, 5.25], "texture": "#4"},
				"east": {"uv": [0, 0, 0, 3], "texture": "#4"},
				"south": {"uv": [0.5, 4.25, 1.75, 5.25], "texture": "#4"},
				"west": {"uv": [0, 0, 0, 3], "texture": "#4"},
				"up": {"uv": [0, 0, 3, 0], "rotation": 180, "texture": "#4"},
				"down": {"uv": [0.5, 4.25, 1.5, 5.25], "rotation": 180, "texture": "#4"}
			}
		},
		{
			"name": "body4",
			"from": [4, 0, 1],
			"to": [11, 7, 4],
			"rotation": {"angle": 0, "axis": "y", "origin": [5, 2, 7]},
			"faces": {
				"north": {"uv": [2.5, 2.5, 4.25, 4.25], "texture": "#4"},
				"east": {"uv": [2, 2.5, 2.5, 4.25], "texture": "#4"},
				"south": {"uv": [6.25, 2.5, 8.5, 4.25], "texture": "#4"},
				"west": {"uv": [4.25, 2.5, 4.75, 4.25], "texture": "#4"},
				"up": {"uv": [2.5, 2, 4.25, 2.5], "rotation": 180, "texture": "#4"},
				"down": {"uv": [4.25, 0, 6, 0.5], "rotation": 180, "texture": "#4"}
			}
		},
		{
			"name": "antenna5",
			"from": [9.5, 5, -1],
			"to": [9.5, 7, 2],
			"rotation": {"angle": 0, "axis": "y", "origin": [5.5, 2, 8]},
			"faces": {
				"north": {"uv": [0, 0, 0, 2], "texture": "#5"},
				"east": {"uv": [0.5, 0.75, 1.25, 1.25], "texture": "#5"},
				"south": {"uv": [0, 0, 0, 2], "texture": "#5"},
				"west": {"uv": [1.5, 1.5, 2.25, 2], "texture": "#5"},
				"up": {"uv": [0, 0, 0, 2], "rotation": 180, "texture": "#5"},
				"down": {"uv": [0, 0, 0, 2], "rotation": 180, "texture": "#5"}
			}
		},
		{
			"name": "antenna6",
			"from": [6.5, 5, -1],
			"to": [6.5, 7, 2],
			"rotation": {"angle": 0, "axis": "y", "origin": [5.5, 2, 8]},
			"faces": {
				"north": {"uv": [0, 0, 0, 2], "texture": "#5"},
				"east": {"uv": [0.5, 0.75, 1.25, 1.25], "texture": "#5"},
				"south": {"uv": [0, 0, 0, 2], "texture": "#5"},
				"west": {"uv": [1.5, 1.5, 2.25, 2], "texture": "#5"},
				"up": {"uv": [0, 0, 0, 3], "rotation": 180, "texture": "#5"},
				"down": {"uv": [0, 0, 0, 3], "rotation": 180, "texture": "#5"}
			}
		},
		{
			"name": "mouth",
			"from": [6.925, 0.125, 1.925],
			"to": [9.25, 2.825, 1.925],
			"rotation": {"angle": 0, "axis": "y", "origin": [5.5, 2, 8]},
			"faces": {
				"north": {"uv": [0.75, 4.25, 1.5, 5.25], "texture": "#5"},
				"east": {"uv": [0, 0, 0, 3], "texture": "#5"},
				"south": {"uv": [0.5, 4.25, 1.75, 5.25], "texture": "#5"},
				"west": {"uv": [0, 0, 0, 3], "texture": "#5"},
				"up": {"uv": [0, 0, 3, 0], "rotation": 180, "texture": "#5"},
				"down": {"uv": [0.5, 4.25, 1.5, 5.25], "rotation": 180, "texture": "#5"}
			}
		},
		{
			"name": "body5",
			"from": [4.5, 0, 1],
			"to": [11.5, 7, 4],
			"rotation": {"angle": 0, "axis": "y", "origin": [5.5, 2, 7]},
			"faces": {
				"north": {"uv": [2.5, 2.5, 4.25, 4.25], "texture": "#5"},
				"east": {"uv": [2, 2.5, 2.5, 4.25], "texture": "#5"},
				"south": {"uv": [6.25, 2.5, 8.5, 4.25], "texture": "#5"},
				"west": {"uv": [4.25, 2.5, 4.75, 4.25], "texture": "#5"},
				"up": {"uv": [2.5, 2, 4.25, 2.5], "rotation": 180, "texture": "#5"},
				"down": {"uv": [4.25, 0, 6, 0.5], "rotation": 180, "texture": "#5"}
			}
		},
		{
			"name": "antenna6",
			"from": [9, 5, -1],
			"to": [9, 7, 2],
			"rotation": {"angle": 0, "axis": "y", "origin": [5, 2, 8]},
			"faces": {
				"north": {"uv": [0, 0, 0, 2], "texture": "#6"},
				"east": {"uv": [0.5, 0.75, 1.25, 1.25], "texture": "#6"},
				"south": {"uv": [0, 0, 0, 2], "texture": "#6"},
				"west": {"uv": [1.5, 1.5, 2.25, 2], "texture": "#6"},
				"up": {"uv": [0, 0, 0, 2], "rotation": 180, "texture": "#6"},
				"down": {"uv": [0, 0, 0, 2], "rotation": 180, "texture": "#6"}
			}
		},
		{
			"name": "antenna7",
			"from": [6, 5, -1],
			"to": [6, 7, 2],
			"rotation": {"angle": 0, "axis": "y", "origin": [5, 2, 8]},
			"faces": {
				"north": {"uv": [0, 0, 0, 2], "texture": "#6"},
				"east": {"uv": [0.5, 0.75, 1.25, 1.25], "texture": "#6"},
				"south": {"uv": [0, 0, 0, 2], "texture": "#6"},
				"west": {"uv": [1.5, 1.5, 2.25, 2], "texture": "#6"},
				"up": {"uv": [0, 0, 0, 3], "rotation": 180, "texture": "#6"},
				"down": {"uv": [0, 0, 0, 3], "rotation": 180, "texture": "#6"}
			}
		},
		{
			"name": "mouth",
			"from": [6.425, 0.125, 1.925],
			"to": [8.75, 2.825, 1.925],
			"rotation": {"angle": 0, "axis": "y", "origin": [5, 2, 8]},
			"faces": {
				"north": {"uv": [0.75, 4.25, 1.5, 5.25], "texture": "#6"},
				"east": {"uv": [0, 0, 0, 3], "texture": "#6"},
				"south": {"uv": [0.5, 4.25, 1.75, 5.25], "texture": "#6"},
				"west": {"uv": [0, 0, 0, 3], "texture": "#6"},
				"up": {"uv": [0, 0, 3, 0], "rotation": 180, "texture": "#6"},
				"down": {"uv": [0.5, 4.25, 1.5, 5.25], "rotation": 180, "texture": "#6"}
			}
		},
		{
			"name": "body6",
			"from": [4, 0, 1],
			"to": [11, 7, 4],
			"rotation": {"angle": 0, "axis": "y", "origin": [5, 2, 7]},
			"faces": {
				"north": {"uv": [2.5, 2.5, 4.25, 4.25], "texture": "#6"},
				"east": {"uv": [2, 2.5, 2.5, 4.25], "texture": "#6"},
				"south": {"uv": [6.25, 2.5, 8.5, 4.25], "texture": "#6"},
				"west": {"uv": [4.25, 2.5, 4.75, 4.25], "texture": "#6"},
				"up": {"uv": [2.5, 2, 4.25, 2.5], "rotation": 180, "texture": "#6"},
				"down": {"uv": [4.25, 0, 6, 0.5], "rotation": 180, "texture": "#6"}
			}
		},
		{
			"name": "antenna7",
			"from": [8.5, 5, -1],
			"to": [8.5, 7, 2],
			"rotation": {"angle": 0, "axis": "y", "origin": [4.5, 2, 8]},
			"faces": {
				"north": {"uv": [0, 0, 0, 2], "texture": "#7"},
				"east": {"uv": [0.5, 0.75, 1.25, 1.25], "texture": "#7"},
				"south": {"uv": [0, 0, 0, 2], "texture": "#7"},
				"west": {"uv": [1.5, 1.5, 2.25, 2], "texture": "#7"},
				"up": {"uv": [0, 0, 0, 2], "rotation": 180, "texture": "#7"},
				"down": {"uv": [0, 0, 0, 2], "rotation": 180, "texture": "#7"}
			}
		},
		{
			"name": "antenna8",
			"from": [5.5, 5, -1],
			"to": [5.5, 7, 2],
			"rotation": {"angle": 0, "axis": "y", "origin": [4.5, 2, 8]},
			"faces": {
				"north": {"uv": [0, 0, 0, 2], "texture": "#7"},
				"east": {"uv": [0.5, 0.75, 1.25, 1.25], "texture": "#7"},
				"south": {"uv": [0, 0, 0, 2], "texture": "#7"},
				"west": {"uv": [1.5, 1.5, 2.25, 2], "texture": "#7"},
				"up": {"uv": [0, 0, 0, 3], "rotation": 180, "texture": "#7"},
				"down": {"uv": [0, 0, 0, 3], "rotation": 180, "texture": "#7"}
			}
		},
		{
			"name": "mouth",
			"from": [5.925, 0.125, 1.925],
			"to": [8.25, 2.825, 1.925],
			"rotation": {"angle": 0, "axis": "y", "origin": [4.5, 2, 8]},
			"faces": {
				"north": {"uv": [0.75, 4.25, 1.5, 5.25], "texture": "#7"},
				"east": {"uv": [0, 0, 0, 3], "texture": "#7"},
				"south": {"uv": [0.5, 4.25, 1.75, 5.25], "texture": "#7"},
				"west": {"uv": [0, 0, 0, 3], "texture": "#7"},
				"up": {"uv": [0, 0, 3, 0], "rotation": 180, "texture": "#7"},
				"down": {"uv": [0.5, 4.25, 1.5, 5.25], "rotation": 180, "texture": "#7"}
			}
		},
		{
			"name": "body7",
			"from": [3.5, 0, 1],
			"to": [10.5, 7, 4],
			"rotation": {"angle": 0, "axis": "y", "origin": [4.5, 2, 7]},
			"faces": {
				"north": {"uv": [2.5, 2.5, 4.25, 4.25], "texture": "#7"},
				"east": {"uv": [2, 2.5, 2.5, 4.25], "texture": "#7"},
				"south": {"uv": [6.25, 2.5, 8.5, 4.25], "texture": "#7"},
				"west": {"uv": [4.25, 2.5, 4.75, 4.25], "texture": "#7"},
				"up": {"uv": [2.5, 2, 4.25, 2.5], "rotation": 180, "texture": "#7"},
				"down": {"uv": [4.25, 0, 6, 0.5], "rotation": 180, "texture": "#7"}
			}
		},
		{
			"name": "antenna8",
			"from": [9, 5, -1],
			"to": [9, 7, 2],
			"rotation": {"angle": 0, "axis": "y", "origin": [5, 2, 8]},
			"faces": {
				"north": {"uv": [0, 0, 0, 2], "texture": "#8"},
				"east": {"uv": [0.5, 0.75, 1.25, 1.25], "texture": "#8"},
				"south": {"uv": [0, 0, 0, 2], "texture": "#8"},
				"west": {"uv": [1.5, 1.5, 2.25, 2], "texture": "#8"},
				"up": {"uv": [0, 0, 0, 2], "rotation": 180, "texture": "#8"},
				"down": {"uv": [0, 0, 0, 2], "rotation": 180, "texture": "#8"}
			}
		},
		{
			"name": "antenna9",
			"from": [6, 5, -1],
			"to": [6, 7, 2],
			"rotation": {"angle": 0, "axis": "y", "origin": [5, 2, 8]},
			"faces": {
				"north": {"uv": [0, 0, 0, 2], "texture": "#8"},
				"east": {"uv": [0.5, 0.75, 1.25, 1.25], "texture": "#8"},
				"south": {"uv": [0, 0, 0, 2], "texture": "#8"},
				"west": {"uv": [1.5, 1.5, 2.25, 2], "texture": "#8"},
				"up": {"uv": [0, 0, 0, 3], "rotation": 180, "texture": "#8"},
				"down": {"uv": [0, 0, 0, 3], "rotation": 180, "texture": "#8"}
			}
		},
		{
			"name": "mouth",
			"from": [6.425, 0.125, 1.925],
			"to": [8.75, 2.825, 1.925],
			"rotation": {"angle": 0, "axis": "y", "origin": [5, 2, 8]},
			"faces": {
				"north": {"uv": [0.75, 4.25, 1.5, 5.25], "texture": "#8"},
				"east": {"uv": [0, 0, 0, 3], "texture": "#8"},
				"south": {"uv": [0.5, 4.25, 1.75, 5.25], "texture": "#8"},
				"west": {"uv": [0, 0, 0, 3], "texture": "#8"},
				"up": {"uv": [0, 0, 3, 0], "rotation": 180, "texture": "#8"},
				"down": {"uv": [0.5, 4.25, 1.5, 5.25], "rotation": 180, "texture": "#8"}
			}
		},
		{
			"name": "body8",
			"from": [4, 0, 1],
			"to": [11, 7, 4],
			"rotation": {"angle": 0, "axis": "y", "origin": [5, 2, 7]},
			"faces": {
				"north": {"uv": [2.5, 2.5, 4.25, 4.25], "texture": "#8"},
				"east": {"uv": [2, 2.5, 2.5, 4.25], "texture": "#8"},
				"south": {"uv": [6.25, 2.5, 8.5, 4.25], "texture": "#8"},
				"west": {"uv": [4.25, 2.5, 4.75, 4.25], "texture": "#8"},
				"up": {"uv": [2.5, 2, 4.25, 2.5], "rotation": 180, "texture": "#8"},
				"down": {"uv": [4.25, 0, 6, 0.5], "rotation": 180, "texture": "#8"}
			}
		},
		{
			"name": "frame_1",
			"from": [3.12, 0, 4],
			"to": [12.12, 8, 12],
			"rotation": {"angle": 0, "axis": "y", "origin": [5.25, 2, 9]},
			"faces": {
				"north": {"uv": [6.5, 0.75, 8.5, 2.25], "texture": "#1"},
				"east": {"uv": [0.25, 2.5, 2, 4.25], "texture": "#1"},
				"south": {"uv": [6.25, 2.5, 8.5, 4.25], "texture": "#1"},
				"west": {"uv": [4.75, 2.5, 6.5, 4.25], "texture": "#1"},
				"up": {"uv": [2.5, 0.25, 4.25, 2], "rotation": 180, "texture": "#1"},
				"down": {"uv": [4.25, 0.5, 6, 2.25], "rotation": 180, "texture": "#1"}
			}
		},
		{
			"name": "frame_2",
			"from": [3.25, 0, 4],
			"to": [12.25, 8, 12],
			"rotation": {"angle": 0, "axis": "y", "origin": [5.25, 2, 9]},
			"faces": {
				"north": {"uv": [6.5, 0.75, 8.5, 2.25], "texture": "#2"},
				"east": {"uv": [0.25, 2.5, 2, 4.25], "texture": "#2"},
				"south": {"uv": [6.25, 2.5, 8.5, 4.25], "texture": "#2"},
				"west": {"uv": [4.75, 2.5, 6.5, 4.25], "texture": "#2"},
				"up": {"uv": [2.5, 0.25, 4.25, 2], "rotation": 180, "texture": "#2"},
				"down": {"uv": [4.25, 0.5, 6, 2.25], "rotation": 180, "texture": "#2"}
			}
		},
		{
			"name": "frame_3",
			"from": [3.12, 0, 4],
			"to": [12.12, 8, 12],
			"rotation": {"angle": 0, "axis": "y", "origin": [5.25, 2, 9]},
			"faces": {
				"north": {"uv": [6.5, 0.75, 8.5, 2.25], "texture": "#3"},
				"east": {"uv": [0.25, 2.5, 2, 4.25], "texture": "#3"},
				"south": {"uv": [6.25, 2.5, 8.5, 4.25], "texture": "#3"},
				"west": {"uv": [4.75, 2.5, 6.5, 4.25], "texture": "#3"},
				"up": {"uv": [2.5, 0.25, 4.25, 2], "rotation": 180, "texture": "#3"},
				"down": {"uv": [4.25, 0.5, 6, 2.25], "rotation": 180, "texture": "#3"}
			}
		},
		{
			"name": "frame_4",
			"from": [3, 0, 4],
			"to": [12, 8, 12],
			"rotation": {"angle": 0, "axis": "y", "origin": [5, 2, 9]},
			"faces": {
				"north": {"uv": [6.5, 0.75, 8.5, 2.25], "texture": "#4"},
				"east": {"uv": [0.25, 2.5, 2, 4.25], "texture": "#4"},
				"south": {"uv": [6.25, 2.5, 8.5, 4.25], "texture": "#4"},
				"west": {"uv": [4.75, 2.5, 6.5, 4.25], "texture": "#4"},
				"up": {"uv": [2.5, 0.25, 4.25, 2], "rotation": 180, "texture": "#4"},
				"down": {"uv": [4.25, 0.5, 6, 2.25], "rotation": 180, "texture": "#4"}
			}
		},
		{
			"name": "frame_5",
			"from": [2.88, 0, 4],
			"to": [11.88, 8, 12],
			"rotation": {"angle": 0, "axis": "y", "origin": [4.75, 2, 9]},
			"faces": {
				"north": {"uv": [6.5, 0.75, 8.5, 2.25], "texture": "#5"},
				"east": {"uv": [0.25, 2.5, 2, 4.25], "texture": "#5"},
				"south": {"uv": [6.25, 2.5, 8.5, 4.25], "texture": "#5"},
				"west": {"uv": [4.75, 2.5, 6.5, 4.25], "texture": "#5"},
				"up": {"uv": [2.5, 0.25, 4.25, 2], "rotation": 180, "texture": "#5"},
				"down": {"uv": [4.25, 0.5, 6, 2.25], "rotation": 180, "texture": "#5"}
			}
		},
		{
			"name": "frame_6",
			"from": [2.75, 0, 4],
			"to": [11.75, 8, 12],
			"rotation": {"angle": 0, "axis": "y", "origin": [4.75, 2, 9]},
			"faces": {
				"north": {"uv": [6.5, 0.75, 8.5, 2.25], "texture": "#6"},
				"east": {"uv": [0.25, 2.5, 2, 4.25], "texture": "#6"},
				"south": {"uv": [6.25, 2.5, 8.5, 4.25], "texture": "#6"},
				"west": {"uv": [4.75, 2.5, 6.5, 4.25], "texture": "#6"},
				"up": {"uv": [2.5, 0.25, 4.25, 2], "rotation": 180, "texture": "#6"},
				"down": {"uv": [4.25, 0.5, 6, 2.25], "rotation": 180, "texture": "#6"}
			}
		},
		{
			"name": "frame_7",
			"from": [2.88, 0, 4],
			"to": [11.88, 8, 12],
			"rotation": {"angle": 0, "axis": "y", "origin": [4.75, 2, 9]},
			"faces": {
				"north": {"uv": [6.5, 0.75, 8.5, 2.25], "texture": "#7"},
				"east": {"uv": [0.25, 2.5, 2, 4.25], "texture": "#7"},
				"south": {"uv": [6.25, 2.5, 8.5, 4.25], "texture": "#7"},
				"west": {"uv": [4.75, 2.5, 6.5, 4.25], "texture": "#7"},
				"up": {"uv": [2.5, 0.25, 4.25, 2], "rotation": 180, "texture": "#7"},
				"down": {"uv": [4.25, 0.5, 6, 2.25], "rotation": 180, "texture": "#7"}
			}
		},
		{
			"name": "frame_8",
			"from": [3, 0, 4],
			"to": [12, 8, 12],
			"rotation": {"angle": 0, "axis": "y", "origin": [5, 2, 9]},
			"faces": {
				"north": {"uv": [6.5, 0.75, 8.5, 2.25], "texture": "#8"},
				"east": {"uv": [0.25, 2.5, 2, 4.25], "texture": "#8"},
				"south": {"uv": [6.25, 2.5, 8.5, 4.25], "texture": "#8"},
				"west": {"uv": [4.75, 2.5, 6.5, 4.25], "texture": "#8"},
				"up": {"uv": [2.5, 0.25, 4.25, 2], "rotation": 180, "texture": "#8"},
				"down": {"uv": [4.25, 0.5, 6, 2.25], "rotation": 180, "texture": "#8"}
			}
		},
		{
			"name": "frame_1",
			"from": [3.75, 0, 12],
			"to": [9.75, 5.5, 15],
			"rotation": {"angle": 0, "axis": "y", "origin": [4.25, 2, 11]},
			"faces": {
				"north": {"uv": [6.5, 2.5, 8.5, 4.25], "texture": "#1"},
				"east": {"uv": [0, 2.75, 0.5, 4.25], "texture": "#1"},
				"south": {"uv": [6.5, 2.5, 8.5, 4.25], "texture": "#1"},
				"west": {"uv": [6.25, 2.5, 6.75, 4.25], "texture": "#1"},
				"up": {"uv": [2.5, 0, 4.25, 0.5], "rotation": 180, "texture": "#1"},
				"down": {"uv": [4.25, 2, 6, 2.5], "rotation": 180, "texture": "#1"}
			}
		},
		{
			"name": "frame_2",
			"from": [4.5, 0, 12],
			"to": [10.5, 5.5, 15],
			"rotation": {"angle": 0, "axis": "y", "origin": [5, 2, 11]},
			"faces": {
				"north": {"uv": [6.5, 2.5, 8.5, 4.25], "texture": "#2"},
				"east": {"uv": [0, 2.75, 0.5, 4.25], "texture": "#2"},
				"south": {"uv": [6.5, 2.5, 8.5, 4.25], "texture": "#2"},
				"west": {"uv": [6.25, 2.5, 6.75, 4.25], "texture": "#2"},
				"up": {"uv": [2.5, 0, 4.25, 0.5], "rotation": 180, "texture": "#2"},
				"down": {"uv": [4.25, 2, 6, 2.5], "rotation": 180, "texture": "#2"}
			}
		},
		{
			"name": "frame_3",
			"from": [5.25, 0, 12],
			"to": [11.25, 5.5, 15],
			"rotation": {"angle": 0, "axis": "y", "origin": [5.75, 2, 11]},
			"faces": {
				"north": {"uv": [6.5, 2.5, 8.5, 4.25], "texture": "#3"},
				"east": {"uv": [0, 2.75, 0.5, 4.25], "texture": "#3"},
				"south": {"uv": [6.5, 2.5, 8.5, 4.25], "texture": "#3"},
				"west": {"uv": [6.25, 2.5, 6.75, 4.25], "texture": "#3"},
				"up": {"uv": [2.5, 0, 4.25, 0.5], "rotation": 180, "texture": "#3"},
				"down": {"uv": [4.25, 2, 6, 2.5], "rotation": 180, "texture": "#3"}
			}
		},
		{
			"name": "frame_4",
			"from": [4.5, 0, 12],
			"to": [10.5, 5.5, 15],
			"rotation": {"angle": 0, "axis": "y", "origin": [5, 2, 11]},
			"faces": {
				"north": {"uv": [6.5, 2.5, 8.5, 4.25], "texture": "#4"},
				"east": {"uv": [0, 2.75, 0.5, 4.25], "texture": "#4"},
				"south": {"uv": [6.5, 2.5, 8.5, 4.25], "texture": "#4"},
				"west": {"uv": [6.25, 2.5, 6.75, 4.25], "texture": "#4"},
				"up": {"uv": [2.5, 0, 4.25, 0.5], "rotation": 180, "texture": "#4"},
				"down": {"uv": [4.25, 2, 6, 2.5], "rotation": 180, "texture": "#4"}
			}
		},
		{
			"name": "frame_5",
			"from": [3.75, 0, 12],
			"to": [9.75, 5.5, 15],
			"rotation": {"angle": 0, "axis": "y", "origin": [4.25, 2, 11]},
			"faces": {
				"north": {"uv": [6.5, 2.5, 8.5, 4.25], "texture": "#5"},
				"east": {"uv": [0, 2.75, 0.5, 4.25], "texture": "#5"},
				"south": {"uv": [6.5, 2.5, 8.5, 4.25], "texture": "#5"},
				"west": {"uv": [6.25, 2.5, 6.75, 4.25], "texture": "#5"},
				"up": {"uv": [2.5, 0, 4.25, 0.5], "rotation": 180, "texture": "#5"},
				"down": {"uv": [4.25, 2, 6, 2.5], "rotation": 180, "texture": "#5"}
			}
		},
		{
			"name": "frame_6",
			"from": [4.5, 0, 12],
			"to": [10.5, 5.5, 15],
			"rotation": {"angle": 0, "axis": "y", "origin": [5, 2, 11]},
			"faces": {
				"north": {"uv": [6.5, 2.5, 8.5, 4.25], "texture": "#6"},
				"east": {"uv": [0, 2.75, 0.5, 4.25], "texture": "#6"},
				"south": {"uv": [6.5, 2.5, 8.5, 4.25], "texture": "#6"},
				"west": {"uv": [6.25, 2.5, 6.75, 4.25], "texture": "#6"},
				"up": {"uv": [2.5, 0, 4.25, 0.5], "rotation": 180, "texture": "#6"},
				"down": {"uv": [4.25, 2, 6, 2.5], "rotation": 180, "texture": "#6"}
			}
		},
		{
			"name": "frame_7",
			"from": [5.25, 0, 12],
			"to": [11.25, 5.5, 15],
			"rotation": {"angle": 0, "axis": "y", "origin": [5.75, 2, 11]},
			"faces": {
				"north": {"uv": [6.5, 2.5, 8.5, 4.25], "texture": "#7"},
				"east": {"uv": [0, 2.75, 0.5, 4.25], "texture": "#7"},
				"south": {"uv": [6.5, 2.5, 8.5, 4.25], "texture": "#7"},
				"west": {"uv": [6.25, 2.5, 6.75, 4.25], "texture": "#7"},
				"up": {"uv": [2.5, 0, 4.25, 0.5], "rotation": 180, "texture": "#7"},
				"down": {"uv": [4.25, 2, 6, 2.5], "rotation": 180, "texture": "#7"}
			}
		},
		{
			"name": "frame_8",
			"from": [4.5, 0, 12],
			"to": [10.5, 5.5, 15],
			"rotation": {"angle": 0, "axis": "y", "origin": [5, 2, 11]},
			"faces": {
				"north": {"uv": [6.5, 2.5, 8.5, 4.25], "texture": "#8"},
				"east": {"uv": [0, 2.75, 0.5, 4.25], "texture": "#8"},
				"south": {"uv": [6.5, 2.5, 8.5, 4.25], "texture": "#8"},
				"west": {"uv": [6.25, 2.5, 6.75, 4.25], "texture": "#8"},
				"up": {"uv": [2.5, 0, 4.25, 0.5], "rotation": 180, "texture": "#8"},
				"down": {"uv": [4.25, 2, 6, 2.5], "rotation": 180, "texture": "#8"}
			}
		}
	],
	"display": {
		"gui": {"rotation": [ 30, 225, 0 ],"translation": [ 0, 2, 0],"scale":[ 1, 1, 1 ]},
        "ground": {"rotation": [ 0, 0, 0 ],"translation": [ 0, 3, 0],"scale":[ 0.25, 0.25, 0.25 ]},
        "fixed": {"rotation": [ 0, 0, 0 ],"translation": [ 0, 0, 0],"scale":[ 0.5, 0.5, 0.5 ]},
        "thirdperson_righthand": {"rotation": [ 75, 45, 0 ],"translation": [ 0, 2.5, 0],"scale": [ 0.375, 0.375, 0.375 ]},
        "firstperson_righthand": {"rotation": [ 0, 45, 0 ],"translation": [ 0, 0, 0 ],"scale": [ 0.40, 0.40, 0.40 ]},
        "firstperson_lefthand": {"rotation": [ 0, 225, 0 ],"translation": [ 0, 0, 0 ],"scale": [ 0.40, 0.40, 0.40 ]},
		"head": {"translation": [0.5, -47, 0.75]}
	},
	"groups": [
		{
			"name": "Bee",
			"origin": [15, 8.425, 20.075],
			"children": [
				{
					"name": "head",
					"origin": [8, 8, 8],
					"children": [
						{"name": "frame_1","origin": [8, 8, 8],"children": [0, 1, 2, 3]},
						{"name": "frame_2","origin": [8, 8, 8],"children": [4, 5, 6, 7]},
						{"name": "frame_3","origin": [8, 8, 8],"children": [8, 9, 10, 11]},
						{"name": "frame_4","origin": [8, 8, 8],"children": [12, 13, 14, 15]},
						{"name": "frame_5","origin": [8, 8, 8],"children": [16, 17, 18, 19]},
						{"name": "frame_6","origin": [8, 8, 8],"children": [20, 21, 22, 23]},
						{"name": "frame_7","origin": [8, 8, 8],"children": [24, 25, 26, 27]},
						{"name": "frame_8","origin": [8, 8, 8],"children": [28, 29, 30, 31]}
					]
				},
				{"name": "body","origin": [5, 2, 7],"children": [32, 33, 34, 35, 36, 37, 38, 39]},
				{"name": "tail","origin": [8, 8, 8],"children": [40, 41, 42, 43, 44, 45, 46, 47]}
			]
		}
	]
}