{
	"textures": {
		"0": "#texture",
		"particle": "#texture"
	},
	"elements": [
		{
			"name": "snout",
			"from": [2.75, -1.5, 0],
			"to": [5, 1.5, 1.75],
			"rotation": {"angle": -22.5, "axis": "z", "origin": [8, 0, 8]},
			"faces": {
				"north": {"uv": [1, 2.5, 1.75, 3.25], "rotation": 90, "texture": "#0"},
				"east": {"uv": [1.75, 2, 2.5, 2.5], "rotation": 270, "texture": "#0"},
				"south": {"uv": [2.25, 2.5, 3, 3.25], "rotation": 270, "texture": "#0"},
				"west": {"uv": [1, 2, 1.75, 2.5], "rotation": 90, "texture": "#0"},
				"up": {"uv": [0.5, 2.5, 1, 3.25], "rotation": 270, "texture": "#0"},
				"down": {"uv": [1.75, 2.5, 2.25, 3.25], "rotation": 270, "texture": "#0"}
			}
		},
		{
			"name": "head",
			"from": [0.5, -2.5, 1.75],
			"to": [5, 2.5, 4.75],
			"rotation": {"angle": -22.5, "axis": "z", "origin": [8, 0, 8]},
			"faces": {
				"north": {"uv": [0.75, 0.75, 2.25, 2], "rotation": 90, "texture": "#0"},
				"east": {"uv": [2.25, 0, 3.75, 0.75], "rotation": 270, "texture": "#0"},
				"south": {"uv": [3, 0.75, 4.5, 2], "rotation": 270, "texture": "#0"},
				"west": {"uv": [0.75, 0, 2.25, 0.75], "rotation": 270, "texture": "#0"},
				"up": {"uv": [0, 0.75, 0.75, 2], "rotation": 270, "texture": "#0"},
				"down": {"uv": [2.25, 0.75, 3, 2], "rotation": 270, "texture": "#0"}
			}
		},
		{
			"name": "ear_r",
			"from": [-0.5, 1, 3.5],
			"to": [0.5, 2.5, 4.25],
			"rotation": {"angle": -22.5, "axis": "z", "origin": [8, 0, 8]},
			"faces": {
				"north": {"uv": [3.5, 2.75, 4, 3.25], "rotation": 90, "texture": "#0"},
				"east": {"uv": [4, 2.5, 4.5, 2.75], "rotation": 270, "texture": "#0"},
				"south": {"uv": [4.25, 2.75, 4.75, 3.25], "rotation": 270, "texture": "#0"},
				"west": {"uv": [3.5, 2.5, 4, 2.75], "rotation": 270, "texture": "#0"},
				"up": {"uv": [3.25, 2.75, 3.5, 3.25], "rotation": 270, "texture": "#0"},
				"down": {"uv": [4, 2.75, 4.25, 3.25], "rotation": 270, "texture": "#0"}
			}
		},
		{
			"name": "ear_l",
			"from": [-0.5, -2.5, 3.5],
			"to": [0.5, -1, 4.25],
			"rotation": {"angle": -22.5, "axis": "z", "origin": [8, 0, 8]},
			"faces": {
				"north": {"uv": [3.5, 2.75, 4, 3.25], "rotation": 90, "texture": "#0"},
				"east": {"uv": [4, 2.5, 4.5, 2.75], "rotation": 270, "texture": "#0"},
				"south": {"uv": [4.25, 2.75, 4.75, 3.25], "rotation": 270, "texture": "#0"},
				"west": {"uv": [3.5, 2.5, 4, 2.75], "rotation": 270, "texture": "#0"},
				"up": {"uv": [3.25, 2.75, 3.5, 3.25], "rotation": 270, "texture": "#0"},
				"down": {"uv": [4, 2.75, 4.25, 3.25], "rotation": 270, "texture": "#0"}
			}
		},
		{
			"name": "collar",
			"from": [-0.1, -3.025, 4.175],
			"to": [5.375, 3.05, 7.825],
			"rotation": {"angle": -22.5, "axis": "z", "origin": [8, 0, 8]},
			"faces": {
				"north": {"uv": [12, 14.75, 13.5, 16], "rotation": 90, "texture": "#0", "tintindex": 0},
				"east": {"uv": [13.5, 13.75, 15, 14.75], "rotation": 270, "texture": "#0", "tintindex": 0},
				"south": {"uv": [14.5, 14.75, 16, 16], "rotation": 270, "texture": "#0", "tintindex": 0},
				"west": {"uv": [12, 13.75, 13.5, 14.75], "rotation": 90, "texture": "#0", "tintindex": 0},
				"up": {"uv": [11, 14.75, 12, 16], "rotation": 270, "texture": "#0", "tintindex": 0},
				"down": {"uv": [13.5, 14.75, 14.5, 16], "rotation": 270, "texture": "#0", "tintindex": 0}
			}
		},
		{
			"name": "fluff",
			"from": [0, -3, 4.25],
			"to": [5.25, 3, 7.75],
			"rotation": {"angle": -22.5, "axis": "z", "origin": [8, 0, 8]},
			"faces": {
				"north": {"uv": [5.75, 1, 7.25, 2.25], "rotation": 90, "texture": "#0"},
				"east": {"uv": [7.25, 0, 8.75, 1], "rotation": 270, "texture": "#0"},
				"south": {"uv": [8.25, 1, 9.75, 2.25], "rotation": 270, "texture": "#0"},
				"west": {"uv": [5.75, 0, 7.25, 1], "rotation": 90, "texture": "#0"},
				"up": {"uv": [4.75, 1, 5.75, 2.25], "rotation": 270, "texture": "#0"},
				"down": {"uv": [7.25, 1, 8.25, 2.25], "rotation": 270, "texture": "#0"}
			}
		},
		{
			"name": "body",
			"from": [0.75, -2.5, 7.75],
			"to": [5.25, 2.5, 12.5],
			"rotation": {"angle": -22.5, "axis": "z", "origin": [8, 0, 8]},
			"faces": {
				"north": {"uv": [6, 2.75, 7.5, 4], "rotation": 90, "texture": "#0"},
				"east": {"uv": [6, 4, 7.5, 5.5], "rotation": 90, "texture": "#0"},
				"south": {"uv": [7.5, 2.75, 9, 4], "rotation": 270, "texture": "#0"},
				"west": {"uv": [9, 4, 10.5, 5.5], "rotation": 270, "texture": "#0"},
				"up": {"uv": [4.5, 4, 6, 5.5], "texture": "#0"},
				"down": {"uv": [7.5, 4, 9, 5.5], "rotation": 180, "texture": "#0"}
			}
		},
		{
			"name": "leg_fr",
			"from": [5, 0.75, 4.5],
			"to": [8, 2.25, 6],
			"rotation": {"angle": -22.5, "axis": "z", "origin": [8, 0, 8]},
			"faces": {
				"north": {"uv": [0.5, 4, 1, 5.25], "rotation": 90, "texture": "#0"},
				"east": {"uv": [1, 3.5, 1.5, 4], "rotation": 270, "texture": "#0"},
				"south": {"uv": [1.5, 4, 2, 5.25], "rotation": 270, "texture": "#0"},
				"west": {"uv": [0.5, 3.5, 1, 4], "rotation": 270, "texture": "#0"},
				"up": {"uv": [0, 4, 0.5, 5.25], "rotation": 270, "texture": "#0"},
				"down": {"uv": [1, 4, 1.5, 5.25], "rotation": 270, "texture": "#0"}
			}
		},
		{
			"name": "leg_fl",
			"from": [5, -2.25, 4.5],
			"to": [8, -0.75, 6],
			"rotation": {"angle": -22.5, "axis": "z", "origin": [8, 0, 8]},
			"faces": {
				"north": {"uv": [0.5, 4, 1, 5.25], "rotation": 90, "texture": "#0"},
				"east": {"uv": [1, 3.5, 1.5, 4], "rotation": 270, "texture": "#0"},
				"south": {"uv": [1.5, 4, 2, 5.25], "rotation": 270, "texture": "#0"},
				"west": {"uv": [0.5, 3.5, 1, 4], "rotation": 270, "texture": "#0"},
				"up": {"uv": [0, 4, 0.5, 5.25], "rotation": 270, "texture": "#0"},
				"down": {"uv": [1, 4, 1.5, 5.25], "rotation": 270, "texture": "#0"}
			}
		},
		{
			"name": "leg_br",
			"from": [5, 0.75, 10.25],
			"to": [8, 2.25, 11.75],
			"rotation": {"angle": -22.5, "axis": "z", "origin": [8, 0, 8]},
			"faces": {
				"north": {"uv": [0.5, 4, 1, 5.25], "rotation": 90, "texture": "#0"},
				"east": {"uv": [1, 3.5, 1.5, 4], "rotation": 270, "texture": "#0"},
				"south": {"uv": [1.5, 4, 2, 5.25], "rotation": 270, "texture": "#0"},
				"west": {"uv": [0.5, 3.5, 1, 4], "rotation": 270, "texture": "#0"},
				"up": {"uv": [0, 4, 0.5, 5.25], "rotation": 270, "texture": "#0"},
				"down": {"uv": [1, 4, 1.5, 5.25], "rotation": 270, "texture": "#0"}
			}
		},
		{
			"name": "leg_bl",
			"from": [5, -2.25, 10.25],
			"to": [8, -0.75, 11.75],
			"rotation": {"angle": -22.5, "axis": "z", "origin": [8, 0, 8]},
			"faces": {
				"north": {"uv": [0.5, 4, 1, 5.25], "rotation": 90, "texture": "#0"},
				"east": {"uv": [1, 3.5, 1.5, 4], "rotation": 270, "texture": "#0"},
				"south": {"uv": [1.5, 4, 2, 5.25], "rotation": 270, "texture": "#0"},
				"west": {"uv": [0.5, 3.5, 1, 4], "rotation": 270, "texture": "#0"},
				"up": {"uv": [0, 4, 0.5, 5.25], "rotation": 270, "texture": "#0"},
				"down": {"uv": [1, 4, 1.5, 5.25], "rotation": 270, "texture": "#0"}
			}
		},
		{
			"name": "tail",
			"from": [1, -0.75, 11.5],
			"to": [2.5, 0.75, 16],
			"rotation": {"angle": -22.5, "axis": "z", "origin": [8, 0, 8]},
			"faces": {
				"north": {"uv": [2.75, 3.5, 3.25, 4], "rotation": 270, "texture": "#0"},
				"east": {"uv": [2.75, 4, 3.25, 5.25], "rotation": 90, "texture": "#0"},
				"south": {"uv": [3.25, 3.5, 3.75, 4], "rotation": 270, "texture": "#0"},
				"west": {"uv": [3.75, 4, 4.25, 5.25], "rotation": 270, "texture": "#0"},
				"up": {"uv": [2.25, 4, 2.75, 5.25], "texture": "#0"},
				"down": {"uv": [3.25, 4, 3.75, 5.25], "rotation": 180, "texture": "#0"}
			}
		}
	],
	"display": {
		"thirdperson_righthand": {
			"rotation": [75, 45, 0],
			"translation": [0, 2.5, 0],
			"scale": [0.375, 0.375, 0.375]
		},
		"firstperson_righthand": {
			"rotation": [0, 45, 0],
			"scale": [0.4, 0.4, 0.4]
		},
		"firstperson_lefthand": {
			"rotation": [0, 225, 0],
			"scale": [0.4, 0.4, 0.4]
		},
		"ground": {
			"translation": [0, 3, 0],
			"scale": [0.25, 0.25, 0.25]
		},
		"gui": {
			"rotation": [30, 225, 0],
			"translation": [0, 2, 0]
		},
		"head": {
			"translation": [0, -39, 1],
			"scale": [2, 2, 2]
		},
		"fixed": {
			"scale": [0.5, 0.5, 0.5]
		}
	},
	"groups": [
		{
			"name": "wolf",
			"origin": [8, 8, 8],
			"color": 0,
			"children": [0, 1, 2, 3, 4, 5, 6, 7, 8, 9, 10, 11]
		}
	]
}