{
	"textures": {
		"0": "#texture_body",
		"1": "#texture_frame_0",
		"2": "#texture_frame_1",
		"3": "#texture_frame_2",
		"4": "#texture_frame_3",
		"5": "#texture_frame_4",
		"6": "#texture_frame_5",
		"7": "#texture_frame_6",
		"8": "#texture_frame_7",
		"9": "#texture_armor",
		"particle": "#texture_body"
	},
	"elements": [
		{
			"name": "head",
			"from": [5.75, 5, 2.25],
			"to": [10.25, 9.5, 7.25],
			"rotation": {"angle": 0, "axis": "x", "origin": [10, 13, 11]},
			"faces": {
				"north": {"uv": [5.5, 5.75, 7, 7], "texture": "#0"},
				"east": {"uv": [4.25, 5.75, 5.5, 7], "texture": "#0"},
				"south": {"uv": [8.25, 5.75, 9.75, 7], "texture": "#0"},
				"west": {"uv": [7, 5.75, 8.25, 7], "texture": "#0"},
				"up": {"uv": [5.5, 4.25, 7, 5.75], "rotation": 180, "texture": "#0"},
				"down": {"uv": [7, 4.25, 8.5, 5.75], "texture": "#0"}
			}
		},
		{
			"name": "head_fur",
			"from": [5.5, 4.75, 2.75],
			"to": [10.5, 9.75, 7.5],
			"rotation": {"angle": 0, "axis": "x", "origin": [10, 13, 11]},
			"faces": {
				"north": {"uv": [5.5, 5.75, 7, 7], "texture": "#9", "tintindex": 0},
				"east": {"uv": [4.25, 5.75, 5.5, 7], "texture": "#9", "tintindex": 0},
				"south": {"uv": [8.25, 5.75, 9.75, 7], "texture": "#9", "tintindex": 0},
				"west": {"uv": [7, 5.75, 8.25, 7], "texture": "#9", "tintindex": 0},
				"up": {"uv": [5.5, 4.25, 7, 5.75], "rotation": 180, "texture": "#9", "tintindex": 0},
				"down": {"uv": [7, 4.25, 8.5, 5.75], "texture": "#9", "tintindex": 0}
			}
		},
		{
			"name": "body",
			"from": [5.5, 3, 5],
			"to": [10.5, 7, 12],
			"rotation": {"angle": 0, "axis": "y", "origin": [13, 12, 14]},
			"faces": {
				"north": {"uv": [2.25, 2.25, 3.75, 3.5], "texture": "#0"},
				"east": {"uv": [0.25, 2.25, 2.25, 3.5], "texture": "#0"},
				"south": {"uv": [5.75, 2.25, 7.25, 3.5], "texture": "#0"},
				"west": {"uv": [3.75, 2.25, 5.75, 3.5], "texture": "#0"},
				"up": {"uv": [2.25, 0.25, 3.75, 2.25], "rotation": 180, "texture": "#0"},
				"down": {"uv": [3.75, 0.25, 5.25, 2.25], "texture": "#0"}
			}
		},
		{
			"name": "body_fur",
			"from": [5.25, 2.75, 4.75],
			"to": [10.75, 7.25, 12.25],
			"rotation": {"angle": 0, "axis": "y", "origin": [13, 12, 14]},
			"faces": {
				"north": {"uv": [2.25, 2.25, 3.75, 3.5], "texture": "#9", "tintindex": 0},
				"east": {"uv": [0.25, 2.25, 2.25, 3.5], "texture": "#9", "tintindex": 0},
				"south": {"uv": [5.75, 2.25, 7.25, 3.5], "texture": "#9", "tintindex": 0},
				"west": {"uv": [3.75, 2.25, 5.75, 3.5], "texture": "#9", "tintindex": 0},
				"up": {"uv": [2.25, 0.25, 3.75, 2.25], "rotation": 180, "texture": "#9", "tintindex": 0},
				"down": {"uv": [3.75, 0.25, 5.25, 2.25], "texture": "#9", "tintindex": 0}
			}
		},
		{
			"name": "frame_1",
			"from": [8.5, 0, 5.5],
			"to": [10.25, 3, 7.25],
			"rotation": {"angle": 22.5, "axis": "x", "origin": [9.5, 2.75, 6.25]},
			"faces": {
				"north": {"uv": [1.75, 4.5, 2.5, 5.75], "texture": "#1"},
				"east": {"uv": [1, 4.5, 1.75, 5.75], "texture": "#1"},
				"south": {"uv": [3.25, 4.5, 4, 5.75], "texture": "#1"},
				"west": {"uv": [2.5, 4.5, 3.25, 5.75], "texture": "#1"},
				"up": {"uv": [1.75, 3.75, 2.5, 4.5], "texture": "#1"},
				"down": {"uv": [2.5, 3.75, 3.25, 4.5], "texture": "#1"}
			}
		},
		{
			"name": "frame_2",
			"from": [8.5, 0, 5.5],
			"to": [10.25, 3, 7.25],
			"rotation": {"angle": 45, "axis": "x", "origin": [9.5, 2.75, 6.25]},
			"faces": {
				"north": {"uv": [1.75, 4.5, 2.5, 5.75], "texture": "#2"},
				"east": {"uv": [1, 4.5, 1.75, 5.75], "texture": "#2"},
				"south": {"uv": [3.25, 4.5, 4, 5.75], "texture": "#2"},
				"west": {"uv": [2.5, 4.5, 3.25, 5.75], "texture": "#2"},
				"up": {"uv": [1.75, 3.75, 2.5, 4.5], "texture": "#2"},
				"down": {"uv": [2.5, 3.75, 3.25, 4.5], "texture": "#2"}
			}
		},
		{
			"name": "frame_3",
			"from": [8.5, 0, 5.5],
			"to": [10.25, 3, 7.25],
			"rotation": {"angle": 22.5, "axis": "x", "origin": [9.5, 2.75, 6.25]},
			"faces": {
				"north": {"uv": [1.75, 4.5, 2.5, 5.75], "texture": "#3"},
				"east": {"uv": [1, 4.5, 1.75, 5.75], "texture": "#3"},
				"south": {"uv": [3.25, 4.5, 4, 5.75], "texture": "#3"},
				"west": {"uv": [2.5, 4.5, 3.25, 5.75], "texture": "#3"},
				"up": {"uv": [1.75, 3.75, 2.5, 4.5], "texture": "#3"},
				"down": {"uv": [2.5, 3.75, 3.25, 4.5], "texture": "#3"}
			}
		},
		{
			"name": "frame_4",
			"from": [8.5, 0, 5.5],
			"to": [10.25, 3, 7.25],
			"rotation": {"angle": 0, "axis": "x", "origin": [9.5, 2.75, 6.25]},
			"faces": {
				"north": {"uv": [1.75, 4.5, 2.5, 5.75], "texture": "#4"},
				"east": {"uv": [1, 4.5, 1.75, 5.75], "texture": "#4"},
				"south": {"uv": [3.25, 4.5, 4, 5.75], "texture": "#4"},
				"west": {"uv": [2.5, 4.5, 3.25, 5.75], "texture": "#4"},
				"up": {"uv": [1.75, 3.75, 2.5, 4.5], "texture": "#4"},
				"down": {"uv": [2.5, 3.75, 3.25, 4.5], "texture": "#4"}
			}
		},
		{
			"name": "frame_5",
			"from": [8.5, 0, 5.5],
			"to": [10.25, 3, 7.25],
			"rotation": {"angle": -22.5, "axis": "x", "origin": [9.5, 2.75, 6.25]},
			"faces": {
				"north": {"uv": [1.75, 4.5, 2.5, 5.75], "texture": "#5"},
				"east": {"uv": [1, 4.5, 1.75, 5.75], "texture": "#5"},
				"south": {"uv": [3.25, 4.5, 4, 5.75], "texture": "#5"},
				"west": {"uv": [2.5, 4.5, 3.25, 5.75], "texture": "#5"},
				"up": {"uv": [1.75, 3.75, 2.5, 4.5], "texture": "#5"},
				"down": {"uv": [2.5, 3.75, 3.25, 4.5], "texture": "#5"}
			}
		},
		{
			"name": "frame_6",
			"from": [8.5, 0, 5.5],
			"to": [10.25, 3, 7.25],
			"rotation": {"angle": -45, "axis": "x", "origin": [9.5, 2.75, 6.25]},
			"faces": {
				"north": {"uv": [1.75, 4.5, 2.5, 5.75], "texture": "#6"},
				"east": {"uv": [1, 4.5, 1.75, 5.75], "texture": "#6"},
				"south": {"uv": [3.25, 4.5, 4, 5.75], "texture": "#6"},
				"west": {"uv": [2.5, 4.5, 3.25, 5.75], "texture": "#6"},
				"up": {"uv": [1.75, 3.75, 2.5, 4.5], "texture": "#6"},
				"down": {"uv": [2.5, 3.75, 3.25, 4.5], "texture": "#6"}
			}
		},
		{
			"name": "frame_7",
			"from": [8.5, 0, 5.5],
			"to": [10.25, 3, 7.25],
			"rotation": {"angle": -22.5, "axis": "x", "origin": [9.5, 2.75, 6.25]},
			"faces": {
				"north": {"uv": [1.75, 4.5, 2.5, 5.75], "texture": "#7"},
				"east": {"uv": [1, 4.5, 1.75, 5.75], "texture": "#7"},
				"south": {"uv": [3.25, 4.5, 4, 5.75], "texture": "#7"},
				"west": {"uv": [2.5, 4.5, 3.25, 5.75], "texture": "#7"},
				"up": {"uv": [1.75, 3.75, 2.5, 4.5], "texture": "#7"},
				"down": {"uv": [2.5, 3.75, 3.25, 4.5], "texture": "#7"}
			}
		},
		{
			"name": "frame_8",
			"from": [8.5, 0, 5.5],
			"to": [10.25, 3, 7.25],
			"rotation": {"angle": 0, "axis": "x", "origin": [9.5, 2.75, 6.25]},
			"faces": {
				"north": {"uv": [1.75, 4.5, 2.5, 5.75], "texture": "#8"},
				"east": {"uv": [1, 4.5, 1.75, 5.75], "texture": "#8"},
				"south": {"uv": [3.25, 4.5, 4, 5.75], "texture": "#8"},
				"west": {"uv": [2.5, 4.5, 3.25, 5.75], "texture": "#8"},
				"up": {"uv": [1.75, 3.75, 2.5, 4.5], "texture": "#8"},
				"down": {"uv": [2.5, 3.75, 3.25, 4.5], "texture": "#8"}
			}
		},
		{
			"name": "frame_1",
			"from": [5.75, 0, 5.5],
			"to": [7.5, 3, 7.25],
			"rotation": {"angle": -22.5, "axis": "x", "origin": [6.75, 2.75, 6.25]},
			"faces": {
				"north": {"uv": [1.75, 4.5, 2.5, 5.75], "texture": "#1"},
				"east": {"uv": [1, 4.5, 1.75, 5.75], "texture": "#1"},
				"south": {"uv": [3.25, 4.5, 4, 5.75], "texture": "#1"},
				"west": {"uv": [2.5, 4.5, 3.25, 5.75], "texture": "#1"},
				"up": {"uv": [1.75, 3.75, 2.5, 4.5], "texture": "#1"},
				"down": {"uv": [2.5, 3.75, 3.25, 4.5], "texture": "#1"}
			}
		},
		{
			"name": "frame_2",
			"from": [5.75, 0, 5.5],
			"to": [7.5, 3, 7.25],
			"rotation": {"angle": -45, "axis": "x", "origin": [6.75, 2.75, 6.25]},
			"faces": {
				"north": {"uv": [1.75, 4.5, 2.5, 5.75], "texture": "#2"},
				"east": {"uv": [1, 4.5, 1.75, 5.75], "texture": "#2"},
				"south": {"uv": [3.25, 4.5, 4, 5.75], "texture": "#2"},
				"west": {"uv": [2.5, 4.5, 3.25, 5.75], "texture": "#2"},
				"up": {"uv": [1.75, 3.75, 2.5, 4.5], "texture": "#2"},
				"down": {"uv": [2.5, 3.75, 3.25, 4.5], "texture": "#2"}
			}
		},
		{
			"name": "frame_3",
			"from": [5.75, 0, 5.5],
			"to": [7.5, 3, 7.25],
			"rotation": {"angle": -22.5, "axis": "x", "origin": [6.75, 2.75, 6.25]},
			"faces": {
				"north": {"uv": [1.75, 4.5, 2.5, 5.75], "texture": "#3"},
				"east": {"uv": [1, 4.5, 1.75, 5.75], "texture": "#3"},
				"south": {"uv": [3.25, 4.5, 4, 5.75], "texture": "#3"},
				"west": {"uv": [2.5, 4.5, 3.25, 5.75], "texture": "#3"},
				"up": {"uv": [1.75, 3.75, 2.5, 4.5], "texture": "#3"},
				"down": {"uv": [2.5, 3.75, 3.25, 4.5], "texture": "#3"}
			}
		},
		{
			"name": "frame_4",
			"from": [5.75, 0, 5.5],
			"to": [7.5, 3, 7.25],
			"rotation": {"angle": 0, "axis": "x", "origin": [6.75, 2.75, 6.25]},
			"faces": {
				"north": {"uv": [1.75, 4.5, 2.5, 5.75], "texture": "#4"},
				"east": {"uv": [1, 4.5, 1.75, 5.75], "texture": "#4"},
				"south": {"uv": [3.25, 4.5, 4, 5.75], "texture": "#4"},
				"west": {"uv": [2.5, 4.5, 3.25, 5.75], "texture": "#4"},
				"up": {"uv": [1.75, 3.75, 2.5, 4.5], "texture": "#4"},
				"down": {"uv": [2.5, 3.75, 3.25, 4.5], "texture": "#4"}
			}
		},
		{
			"name": "frame_5",
			"from": [5.75, 0, 5.5],
			"to": [7.5, 3, 7.25],
			"rotation": {"angle": 22.5, "axis": "x", "origin": [6.75, 2.75, 6.25]},
			"faces": {
				"north": {"uv": [1.75, 4.5, 2.5, 5.75], "texture": "#5"},
				"east": {"uv": [1, 4.5, 1.75, 5.75], "texture": "#5"},
				"south": {"uv": [3.25, 4.5, 4, 5.75], "texture": "#5"},
				"west": {"uv": [2.5, 4.5, 3.25, 5.75], "texture": "#5"},
				"up": {"uv": [1.75, 3.75, 2.5, 4.5], "texture": "#5"},
				"down": {"uv": [2.5, 3.75, 3.25, 4.5], "texture": "#5"}
			}
		},
		{
			"name": "frame_6",
			"from": [5.75, 0, 5.5],
			"to": [7.5, 3, 7.25],
			"rotation": {"angle": 45, "axis": "x", "origin": [6.75, 2.75, 6.25]},
			"faces": {
				"north": {"uv": [1.75, 4.5, 2.5, 5.75], "texture": "#6"},
				"east": {"uv": [1, 4.5, 1.75, 5.75], "texture": "#6"},
				"south": {"uv": [3.25, 4.5, 4, 5.75], "texture": "#6"},
				"west": {"uv": [2.5, 4.5, 3.25, 5.75], "texture": "#6"},
				"up": {"uv": [1.75, 3.75, 2.5, 4.5], "texture": "#6"},
				"down": {"uv": [2.5, 3.75, 3.25, 4.5], "texture": "#6"}
			}
		},
		{
			"name": "frame_7",
			"from": [5.75, 0, 5.5],
			"to": [7.5, 3, 7.25],
			"rotation": {"angle": 22.5, "axis": "x", "origin": [6.75, 2.75, 6.25]},
			"faces": {
				"north": {"uv": [1.75, 4.5, 2.5, 5.75], "texture": "#7"},
				"east": {"uv": [1, 4.5, 1.75, 5.75], "texture": "#7"},
				"south": {"uv": [3.25, 4.5, 4, 5.75], "texture": "#7"},
				"west": {"uv": [2.5, 4.5, 3.25, 5.75], "texture": "#7"},
				"up": {"uv": [1.75, 3.75, 2.5, 4.5], "texture": "#7"},
				"down": {"uv": [2.5, 3.75, 3.25, 4.5], "texture": "#7"}
			}
		},
		{
			"name": "frame_8",
			"from": [5.75, 0, 5.5],
			"to": [7.5, 3, 7.25],
			"rotation": {"angle": 0, "axis": "x", "origin": [6.75, 2.75, 6.25]},
			"faces": {
				"north": {"uv": [1.75, 4.5, 2.5, 5.75], "texture": "#8"},
				"east": {"uv": [1, 4.5, 1.75, 5.75], "texture": "#8"},
				"south": {"uv": [3.25, 4.5, 4, 5.75], "texture": "#8"},
				"west": {"uv": [2.5, 4.5, 3.25, 5.75], "texture": "#8"},
				"up": {"uv": [1.75, 3.75, 2.5, 4.5], "texture": "#8"},
				"down": {"uv": [2.5, 3.75, 3.25, 4.5], "texture": "#8"}
			}
		},
		{
			"name": "frame_1",
			"from": [8.5, 0, 10],
			"to": [10.25, 3, 11.75],
			"rotation": {"angle": -22.5, "axis": "x", "origin": [9.5, 2.75, 10.75]},
			"faces": {
				"north": {"uv": [1.75, 4.5, 2.5, 5.75], "texture": "#1"},
				"east": {"uv": [1, 4.5, 1.75, 5.75], "texture": "#1"},
				"south": {"uv": [3.25, 4.5, 4, 5.75], "texture": "#1"},
				"west": {"uv": [2.5, 4.5, 3.25, 5.75], "texture": "#1"},
				"up": {"uv": [1.75, 3.75, 2.5, 4.5], "texture": "#1"},
				"down": {"uv": [2.5, 3.75, 3.25, 4.5], "texture": "#1"}
			}
		},
		{
			"name": "frame_2",
			"from": [8.5, 0, 10],
			"to": [10.25, 3, 11.75],
			"rotation": {"angle": -45, "axis": "x", "origin": [9.5, 2.75, 10.75]},
			"faces": {
				"north": {"uv": [1.75, 4.5, 2.5, 5.75], "texture": "#2"},
				"east": {"uv": [1, 4.5, 1.75, 5.75], "texture": "#2"},
				"south": {"uv": [3.25, 4.5, 4, 5.75], "texture": "#2"},
				"west": {"uv": [2.5, 4.5, 3.25, 5.75], "texture": "#2"},
				"up": {"uv": [1.75, 3.75, 2.5, 4.5], "texture": "#2"},
				"down": {"uv": [2.5, 3.75, 3.25, 4.5], "texture": "#2"}
			}
		},
		{
			"name": "frame_3",
			"from": [8.5, 0, 10],
			"to": [10.25, 3, 11.75],
			"rotation": {"angle": -22.5, "axis": "x", "origin": [9.5, 2.75, 10.75]},
			"faces": {
				"north": {"uv": [1.75, 4.5, 2.5, 5.75], "texture": "#3"},
				"east": {"uv": [1, 4.5, 1.75, 5.75], "texture": "#3"},
				"south": {"uv": [3.25, 4.5, 4, 5.75], "texture": "#3"},
				"west": {"uv": [2.5, 4.5, 3.25, 5.75], "texture": "#3"},
				"up": {"uv": [1.75, 3.75, 2.5, 4.5], "texture": "#3"},
				"down": {"uv": [2.5, 3.75, 3.25, 4.5], "texture": "#3"}
			}
		},
		{
			"name": "frame_4",
			"from": [8.5, 0, 10],
			"to": [10.25, 3, 11.75],
			"rotation": {"angle": 0, "axis": "x", "origin": [9.5, 2.75, 10.75]},
			"faces": {
				"north": {"uv": [1.75, 4.5, 2.5, 5.75], "texture": "#4"},
				"east": {"uv": [1, 4.5, 1.75, 5.75], "texture": "#4"},
				"south": {"uv": [3.25, 4.5, 4, 5.75], "texture": "#4"},
				"west": {"uv": [2.5, 4.5, 3.25, 5.75], "texture": "#4"},
				"up": {"uv": [1.75, 3.75, 2.5, 4.5], "texture": "#4"},
				"down": {"uv": [2.5, 3.75, 3.25, 4.5], "texture": "#4"}
			}
		},
		{
			"name": "frame_5",
			"from": [8.5, 0, 10],
			"to": [10.25, 3, 11.75],
			"rotation": {"angle": 22.5, "axis": "x", "origin": [9.5, 2.75, 10.75]},
			"faces": {
				"north": {"uv": [1.75, 4.5, 2.5, 5.75], "texture": "#5"},
				"east": {"uv": [1, 4.5, 1.75, 5.75], "texture": "#5"},
				"south": {"uv": [3.25, 4.5, 4, 5.75], "texture": "#5"},
				"west": {"uv": [2.5, 4.5, 3.25, 5.75], "texture": "#5"},
				"up": {"uv": [1.75, 3.75, 2.5, 4.5], "texture": "#5"},
				"down": {"uv": [2.5, 3.75, 3.25, 4.5], "texture": "#5"}
			}
		},
		{
			"name": "frame_6",
			"from": [8.5, 0, 10],
			"to": [10.25, 3, 11.75],
			"rotation": {"angle": 45, "axis": "x", "origin": [9.5, 2.75, 10.75]},
			"faces": {
				"north": {"uv": [1.75, 4.5, 2.5, 5.75], "texture": "#6"},
				"east": {"uv": [1, 4.5, 1.75, 5.75], "texture": "#6"},
				"south": {"uv": [3.25, 4.5, 4, 5.75], "texture": "#6"},
				"west": {"uv": [2.5, 4.5, 3.25, 5.75], "texture": "#6"},
				"up": {"uv": [1.75, 3.75, 2.5, 4.5], "texture": "#6"},
				"down": {"uv": [2.5, 3.75, 3.25, 4.5], "texture": "#6"}
			}
		},
		{
			"name": "frame_7",
			"from": [8.5, 0, 10],
			"to": [10.25, 3, 11.75],
			"rotation": {"angle": 22.5, "axis": "x", "origin": [9.5, 2.75, 10.75]},
			"faces": {
				"north": {"uv": [1.75, 4.5, 2.5, 5.75], "texture": "#7"},
				"east": {"uv": [1, 4.5, 1.75, 5.75], "texture": "#7"},
				"south": {"uv": [3.25, 4.5, 4, 5.75], "texture": "#7"},
				"west": {"uv": [2.5, 4.5, 3.25, 5.75], "texture": "#7"},
				"up": {"uv": [1.75, 3.75, 2.5, 4.5], "texture": "#7"},
				"down": {"uv": [2.5, 3.75, 3.25, 4.5], "texture": "#7"}
			}
		},
		{
			"name": "frame_8",
			"from": [8.5, 0, 10],
			"to": [10.25, 3, 11.75],
			"rotation": {"angle": 0, "axis": "x", "origin": [9.5, 2.75, 10.75]},
			"faces": {
				"north": {"uv": [1.75, 4.5, 2.5, 5.75], "texture": "#8"},
				"east": {"uv": [1, 4.5, 1.75, 5.75], "texture": "#8"},
				"south": {"uv": [3.25, 4.5, 4, 5.75], "texture": "#8"},
				"west": {"uv": [2.5, 4.5, 3.25, 5.75], "texture": "#8"},
				"up": {"uv": [1.75, 3.75, 2.5, 4.5], "texture": "#8"},
				"down": {"uv": [2.5, 3.75, 3.25, 4.5], "texture": "#8"}
			}
		},
		{
			"name": "frame_1",
			"from": [5.75, 0, 10],
			"to": [7.5, 3, 11.75],
			"rotation": {"angle": 22.5, "axis": "x", "origin": [6.75, 2.75, 10.75]},
			"faces": {
				"north": {"uv": [1.75, 4.5, 2.5, 5.75], "texture": "#1"},
				"east": {"uv": [1, 4.5, 1.75, 5.75], "texture": "#1"},
				"south": {"uv": [3.25, 4.5, 4, 5.75], "texture": "#1"},
				"west": {"uv": [2.5, 4.5, 3.25, 5.75], "texture": "#1"},
				"up": {"uv": [1.75, 3.75, 2.5, 4.5], "texture": "#1"},
				"down": {"uv": [2.5, 3.75, 3.25, 4.5], "texture": "#1"}
			}
		},
		{
			"name": "frame_2",
			"from": [5.75, 0, 10],
			"to": [7.5, 3, 11.75],
			"rotation": {"angle": 45, "axis": "x", "origin": [6.75, 2.75, 10.75]},
			"faces": {
				"north": {"uv": [1.75, 4.5, 2.5, 5.75], "texture": "#2"},
				"east": {"uv": [1, 4.5, 1.75, 5.75], "texture": "#2"},
				"south": {"uv": [3.25, 4.5, 4, 5.75], "texture": "#2"},
				"west": {"uv": [2.5, 4.5, 3.25, 5.75], "texture": "#2"},
				"up": {"uv": [1.75, 3.75, 2.5, 4.5], "texture": "#2"},
				"down": {"uv": [2.5, 3.75, 3.25, 4.5], "texture": "#2"}
			}
		},
		{
			"name": "frame_3",
			"from": [5.75, 0, 10],
			"to": [7.5, 3, 11.75],
			"rotation": {"angle": 22.5, "axis": "x", "origin": [6.75, 2.75, 10.75]},
			"faces": {
				"north": {"uv": [1.75, 4.5, 2.5, 5.75], "texture": "#3"},
				"east": {"uv": [1, 4.5, 1.75, 5.75], "texture": "#3"},
				"south": {"uv": [3.25, 4.5, 4, 5.75], "texture": "#3"},
				"west": {"uv": [2.5, 4.5, 3.25, 5.75], "texture": "#3"},
				"up": {"uv": [1.75, 3.75, 2.5, 4.5], "texture": "#3"},
				"down": {"uv": [2.5, 3.75, 3.25, 4.5], "texture": "#3"}
			}
		},
		{
			"name": "frame_4",
			"from": [5.75, 0, 10],
			"to": [7.5, 3, 11.75],
			"rotation": {"angle": 0, "axis": "x", "origin": [6.75, 2.75, 10.75]},
			"faces": {
				"north": {"uv": [1.75, 4.5, 2.5, 5.75], "texture": "#4"},
				"east": {"uv": [1, 4.5, 1.75, 5.75], "texture": "#4"},
				"south": {"uv": [3.25, 4.5, 4, 5.75], "texture": "#4"},
				"west": {"uv": [2.5, 4.5, 3.25, 5.75], "texture": "#4"},
				"up": {"uv": [1.75, 3.75, 2.5, 4.5], "texture": "#4"},
				"down": {"uv": [2.5, 3.75, 3.25, 4.5], "texture": "#4"}
			}
		},
		{
			"name": "frame_5",
			"from": [5.75, 0, 10],
			"to": [7.5, 3, 11.75],
			"rotation": {"angle": -22.5, "axis": "x", "origin": [6.75, 2.75, 10.75]},
			"faces": {
				"north": {"uv": [1.75, 4.5, 2.5, 5.75], "texture": "#5"},
				"east": {"uv": [1, 4.5, 1.75, 5.75], "texture": "#5"},
				"south": {"uv": [3.25, 4.5, 4, 5.75], "texture": "#5"},
				"west": {"uv": [2.5, 4.5, 3.25, 5.75], "texture": "#5"},
				"up": {"uv": [1.75, 3.75, 2.5, 4.5], "texture": "#5"},
				"down": {"uv": [2.5, 3.75, 3.25, 4.5], "texture": "#5"}
			}
		},
		{
			"name": "frame_6",
			"from": [5.75, 0, 10],
			"to": [7.5, 3, 11.75],
			"rotation": {"angle": -45, "axis": "x", "origin": [6.75, 2.75, 10.75]},
			"faces": {
				"north": {"uv": [1.75, 4.5, 2.5, 5.75], "texture": "#6"},
				"east": {"uv": [1, 4.5, 1.75, 5.75], "texture": "#6"},
				"south": {"uv": [3.25, 4.5, 4, 5.75], "texture": "#6"},
				"west": {"uv": [2.5, 4.5, 3.25, 5.75], "texture": "#6"},
				"up": {"uv": [1.75, 3.75, 2.5, 4.5], "texture": "#6"},
				"down": {"uv": [2.5, 3.75, 3.25, 4.5], "texture": "#6"}
			}
		},
		{
			"name": "frame_7",
			"from": [5.75, 0, 10],
			"to": [7.5, 3, 11.75],
			"rotation": {"angle": -22.5, "axis": "x", "origin": [6.75, 2.75, 10.75]},
			"faces": {
				"north": {"uv": [1.75, 4.5, 2.5, 5.75], "texture": "#7"},
				"east": {"uv": [1, 4.5, 1.75, 5.75], "texture": "#7"},
				"south": {"uv": [3.25, 4.5, 4, 5.75], "texture": "#7"},
				"west": {"uv": [2.5, 4.5, 3.25, 5.75], "texture": "#7"},
				"up": {"uv": [1.75, 3.75, 2.5, 4.5], "texture": "#7"},
				"down": {"uv": [2.5, 3.75, 3.25, 4.5], "texture": "#7"}
			}
		},
		{
			"name": "frame_8",
			"from": [5.75, 0, 10],
			"to": [7.5, 3, 11.75],
			"rotation": {"angle": 0, "axis": "x", "origin": [6.75, 2.75, 10.75]},
			"faces": {
				"north": {"uv": [1.75, 4.5, 2.5, 5.75], "texture": "#8"},
				"east": {"uv": [1, 4.5, 1.75, 5.75], "texture": "#8"},
				"south": {"uv": [3.25, 4.5, 4, 5.75], "texture": "#8"},
				"west": {"uv": [2.5, 4.5, 3.25, 5.75], "texture": "#8"},
				"up": {"uv": [1.75, 3.75, 2.5, 4.5], "texture": "#8"},
				"down": {"uv": [2.5, 3.75, 3.25, 4.5], "texture": "#8"}
			}
		}
	],
	"display": {
		"thirdperson_righthand": {
			"rotation": [75, 45, 0],
			"translation": [0, 2.5, 0],
			"scale": [0.375, 0.375, 0.375]
		},
		"firstperson_righthand": {
			"rotation": [0, 45, 0],
			"scale": [0.4, 0.4, 0.4]
		},
		"firstperson_lefthand": {
			"rotation": [0, 225, 0],
			"scale": [0.4, 0.4, 0.4]
		},
		"ground": {
			"translation": [0, 3, 0],
			"scale": [0.25, 0.25, 0.25]
		},
		"gui": {
			"rotation": [30, 225, 0],
			"translation": [0, 2, 0]
		},
		"head": {
			"translation": [0, -35, 0],
			"scale": [2.5, 2.5, 2.5]
		},
		"fixed": {
			"scale": [0.5, 0.5, 0.5]
		}
	},
	"groups": [
		{
			"name": "goat",
			"origin": [8, 8, 8],
			"color": 0,
			"children": [
				0,
				1,
				2,
				3,
				{
					"name": "legs",
					"origin": [8, 8, 8],
					"color": 0,
					"children": [
						{
							"name": "leg_fr",
							"origin": [8, 8, 8],
							"color": 0,
							"children": [4, 5, 6, 7, 8, 9, 10, 11]
						},
						{
							"name": "leg_fl",
							"origin": [6.75, 2.75, 6.25],
							"color": 0,
							"children": [12, 13, 14, 15, 16, 17, 18, 19]
						},
						{
							"name": "leg_br",
							"origin": [8, 8, 8],
							"color": 0,
							"children": [20, 21, 22, 23, 24, 25, 26, 27]
						},
						{
							"name": "leg_bl",
							"origin": [8, 8, 8],
							"color": 0,
							"children": [28, 29, 30, 31, 32, 33, 34, 35]
						}
					]
				}
			]
		}
	]
}