{
	"textures": {
		"0": "block/torch/torch",
		"2": "block/torch/redstone_torch_off",
		"particle": "block/torch/redstone_torch_off"
	},
	"elements": [
		{
			"from": [7, 0, 7],
			"to": [9, 10, 9],
			"rotation": {"angle": 0, "axis": "z", "origin": [8, 5, 8]},
			"faces": {
				"north": {"uv": [7, 6, 9, 16], "texture": "#2"},
				"east": {"uv": [6, 6, 4, 16], "texture": "#2"},
				"south": {"uv": [0, 6, 2, 16], "texture": "#2"},
				"west": {"uv": [4, 6, 2, 16], "texture": "#2"},
				"up": {"uv": [16, 0, 14, 2], "texture": "#2"},
				"down": {"uv": [11, 14, 9, 16], "texture": "#2", "cullface": "down"}
			}
		},
		{
			"from": [6.875, 7, 6.875],
			"to": [9.125, 8, 9.125],
			"rotation": {"angle": 0, "axis": "z", "origin": [8, 7.5, 8]},
			"faces": {
				"north": {"uv": [9, 15, 12, 16], "texture": "#0"},
				"east": {"uv": [9, 13, 12, 14], "texture": "#0"},
				"south": {"uv": [9, 15, 12, 16], "texture": "#0"},
				"west": {"uv": [9, 13, 12, 14], "texture": "#0"},
				"up": {"uv": [9, 13, 12, 16], "texture": "#0"},
				"down": {"uv": [9, 13, 12, 16], "texture": "#0"}
			}
		}
	],
	"gui_light": "front",
	"display": {
		"thirdperson_righthand": {
			"translation": [0, 2.5, 0]
		},
		"thirdperson_lefthand": {
			"translation": [0, 2.5, 0]
		},
		"firstperson_righthand": {
			"rotation": [-20.5, -0.75, 0],
			"translation": [1, 5.5, 0]
		},
		"firstperson_lefthand": {
			"rotation": [-20.5, -0.75, 0],
			"translation": [1, 5.5, 0]
		}
	}
}