{
	"textures": {
		"0": "block/torch/soul_torch",
		"1": "block/torch/soul_flame",
		"particle": "block/torch/soul_torch"
	},
	"elements": [
		{
			"from": [1, 3, 7],
			"to": [3, 13, 9],
			"rotation": {"angle": -22.5, "axis": "z", "origin": [2, 8, 8]},
			"faces": {
				"north": {"uv": [9, 6, 7, 16], "texture": "#0"},
				"east": {"uv": [7, 6, 9, 16], "texture": "#0"},
				"south": {"uv": [9, 6, 7, 16], "texture": "#0"},
				"west": {"uv": [7, 6, 9, 16], "texture": "#0"},
				"up": {"uv": [9, 6, 7, 8], "texture": "#0"},
				"down": {"uv": [9, 14, 7, 16], "texture": "#0"}
			}
		},
		{
			"from": [0.75, 10, 6.75],
			"to": [3.25, 11, 9.25],
			"rotation": {"angle": -22.5, "axis": "z", "origin": [2, 8, 8]},
			"faces": {
				"north": {"uv": [12, 15, 9, 16], "texture": "#0"},
				"east": {"uv": [12, 12, 9, 13], "texture": "#0"},
				"south": {"uv": [12, 14, 9, 15], "texture": "#0"},
				"west": {"uv": [12, 13, 9, 14], "texture": "#0"},
				"up": {"uv": [10, 12, 13, 15], "texture": "#0"},
				"down": {"uv": [12, 13, 9, 16], "texture": "#0"}
			}
		},
		{
			"from": [0, 6, 6.375],
			"to": [3.25, 7, 9.625],
			"rotation": {"angle": 0, "axis": "y", "origin": [1.625, 6.5, 8]},
			"faces": {
				"north": {"uv": [9, 13, 13, 14], "texture": "#0"},
				"east": {"uv": [9, 14, 13, 15], "texture": "#0"},
				"south": {"uv": [9, 13, 13, 14], "texture": "#0"},
				"west": {"uv": [9, 15, 13, 16], "texture": "#0", "cullface": "west"},
				"up": {"uv": [9, 12, 13, 16], "texture": "#0"},
				"down": {"uv": [9, 12, 13, 16], "texture": "#0"}
			}
		},
		{
			"from": [3.85, 10.75, 6.25],
			"to": [3.85, 21.75, 9.75],
			"rotation": {"angle": 0, "axis": "y", "origin": [3.85, 15, 8]},
			"faces": {
				"north": {"uv": [0, 0, 0, 4], "texture": "#1"},
				"east": {"uv": [10, 0, 6, 15], "texture": "#1"},
				"south": {"uv": [0, 0, 0, 4], "texture": "#1"},
				"west": {"uv": [6, 0, 10, 15], "texture": "#1"},
				"up": {"uv": [0, 0, 4, 0], "rotation": 270, "texture": "#1"},
				"down": {"uv": [0, 0, 0, 0], "texture": "#1"}
			}
		},
		{
			"from": [3.85, 10.75, 6.5],
			"to": [3.85, 11.75, 9.5],
			"rotation": {"angle": 0, "axis": "y", "origin": [3.85, 15, 8]},
			"faces": {
				"north": {"uv": [0, 0, 0, 4], "texture": "#1"},
				"east": {"uv": [10, 13, 7, 14], "texture": "#1"},
				"south": {"uv": [0, 0, 0, 4], "texture": "#1"},
				"west": {"uv": [7, 13, 10, 14], "texture": "#1"},
				"up": {"uv": [0, 0, 4, 0], "rotation": 270, "texture": "#1"},
				"down": {"uv": [0, 0, 0, 0], "texture": "#1"}
			}
		},
		{
			"from": [1.6, 10.75, 8],
			"to": [5.1, 22.25, 8],
			"rotation": {"angle": 0, "axis": "y", "origin": [10.85, 20, 16]},
			"faces": {
				"north": {"uv": [6, 0, 10, 15], "texture": "#1"},
				"east": {"uv": [0, 0, 0, 4], "texture": "#1"},
				"south": {"uv": [10, 0, 6, 15], "texture": "#1"},
				"west": {"uv": [0, 0, 0, 4], "texture": "#1"},
				"up": {"uv": [0, 0, 4, 0], "texture": "#1"},
				"down": {"uv": [0, 0, 0, 0], "texture": "#1"}
			}
		},
		{
			"from": [2.1, 10.5, 8],
			"to": [4.1, 11.5, 8],
			"rotation": {"angle": 0, "axis": "z", "origin": [10.85, 20, 16]},
			"faces": {
				"north": {"uv": [6, 12, 8, 13], "texture": "#1"},
				"east": {"uv": [0, 0, 0, 4], "texture": "#1"},
				"south": {"uv": [8, 12, 6, 13], "texture": "#1"},
				"west": {"uv": [0, 0, 0, 4], "texture": "#1"},
				"up": {"uv": [0, 0, 4, 0], "texture": "#1"},
				"down": {"uv": [0, 0, 0, 0], "texture": "#1"}
			}
		},
		{
			"from": [6.6, 8.75, 8],
			"to": [8.6, 9.75, 8],
			"rotation": {"angle": -22.5, "axis": "z", "origin": [10.85, 20, 16]},
			"faces": {
				"north": {"uv": [7, 12, 9, 13], "texture": "#1"},
				"east": {"uv": [0, 0, 0, 4], "texture": "#1"},
				"south": {"uv": [9, 12, 7, 13], "texture": "#1"},
				"west": {"uv": [0, 0, 0, 4], "texture": "#1"},
				"up": {"uv": [0, 0, 4, 0], "texture": "#1"},
				"down": {"uv": [0, 0, 0, 0], "texture": "#1"}
			}
		}
	],
	"groups": [0, 1, 2,
		{
			"name": "torch_wall",
			"origin": [8, 8, 8],
			"children": [3, 4, 5, 6, 7]
		}
	]
}