{
	"parent": "better_babies:item/entity/template_wolf_moving_tail_up",
	"textures": {
	  "texture_body": "better_babies:item/entity/wolf/wolf_rusty_angry",
	  "texture_frame_0": "better_babies:item/entity/wolf/wolf_rusty_angry_animation/frame_0",
	  "texture_frame_1": "better_babies:item/entity/wolf/wolf_rusty_angry_animation/frame_1",
	  "texture_frame_2": "better_babies:item/entity/wolf/wolf_rusty_angry_animation/frame_2",
	  "texture_frame_3": "better_babies:item/entity/wolf/wolf_rusty_angry_animation/frame_3",
	  "texture_frame_4": "better_babies:item/entity/wolf/wolf_rusty_angry_animation/frame_4",
	  "texture_frame_5": "better_babies:item/entity/wolf/wolf_rusty_angry_animation/frame_5",
	  "texture_frame_6": "better_babies:item/entity/wolf/wolf_rusty_angry_animation/frame_6",
	  "texture_frame_7": "better_babies:item/entity/wolf/wolf_rusty_angry_animation/frame_7"
	}
}