{
	"textures": {
		"2": "block/torch/soul_flame",
		"3": "block/torch/soul_torch",
		"particle": "block/torch/torch"
	},
	"elements": [
		{
			"from": [7, 0, 7],
			"to": [9, 10, 9],
			"rotation": {"angle": 0, "axis": "z", "origin": [8, 5, 8]},
			"faces": {
				"north": {"uv": [9, 6, 7, 16], "texture": "#3"},
				"east": {"uv": [7, 6, 9, 16], "texture": "#3"},
				"south": {"uv": [9, 6, 7, 16], "texture": "#3"},
				"west": {"uv": [7, 6, 9, 16], "texture": "#3"},
				"up": {"uv": [9, 6, 7, 8], "texture": "#3"},
				"down": {"uv": [9, 14, 7, 16], "texture": "#3"}
			}
		},
		{
			"from": [6.625, 7, 6.625],
			"to": [9.375, 8, 9.375],
			"rotation": {"angle": 0, "axis": "z", "origin": [8, 7.5, 8]},
			"faces": {
				"north": {"uv": [9, 15, 12, 16], "texture": "#3"},
				"east": {"uv": [10, 13, 13, 14], "texture": "#3"},
				"south": {"uv": [9, 12, 12, 13], "texture": "#3"},
				"west": {"uv": [10, 12, 13, 13], "texture": "#3"},
				"up": {"uv": [10, 12, 13, 15], "texture": "#3"},
				"down": {"uv": [9, 13, 12, 16], "texture": "#3"}
			}
		},
		{
			"from": [8, 9, 5.75],
			"to": [8, 15.25, 10],
			"rotation": {"angle": 22.5, "axis": "z", "origin": [8, 9, 7.75]},
			"faces": {
				"north": {"uv": [0, 0, 0, 0], "texture": "#2"},
				"east": {"uv": [6, 5, 10, 11], "texture": "#2"},
				"south": {"uv": [0, 0, 0, 0], "texture": "#2"},
				"west": {"uv": [6, 5, 10, 11], "texture": "#2"},
				"up": {"uv": [0, 0, 0, 0], "texture": "#2"},
				"down": {"uv": [0, 0, 0, 0], "texture": "#2"}
			}
		},
		{
			"from": [8, 8, 6.25],
			"to": [8, 9, 9.5],
			"rotation": {"angle": 22.5, "axis": "z", "origin": [8, 9, 7.75]},
			"faces": {
				"north": {"uv": [0, 0, 0, 0], "texture": "#2"},
				"east": {"uv": [6, 11, 9, 12], "texture": "#2"},
				"south": {"uv": [0, 0, 0, 0], "texture": "#2"},
				"west": {"uv": [6, 11, 9, 12], "texture": "#2"},
				"up": {"uv": [0, 0, 0, 0], "texture": "#2"},
				"down": {"uv": [0, 0, 0, 0], "texture": "#2"}
			}
		}
	],
	"gui_light": "front",
	"display": {
		"thirdperson_righthand": {
			"rotation": [-38, 90, 55],
			"translation": [0, 3.5, 3],
			"scale": [0.85, 0.85, 0.85]
		},
		"thirdperson_lefthand": {
			"rotation": [-38, -90, -55],
			"translation": [0, 3.5, 3],
			"scale": [0.85, 0.85, 0.85]
		},
		"firstperson_righthand": {
			"rotation": [-22, 88, 0],
			"translation": [2.5, 6, -0.75]
		},
		"firstperson_lefthand": {
			"rotation": [-22, -88, 0],
			"translation": [2.5, 6, -0.75]
		},
		"ground": {
			"translation": [0, 2, 0],
			"scale": [0.5, 0.5, 0.5]
		},
		"head": {
			"rotation": [0, 90, 0],
			"translation": [0, 13, 0]
		},
		"fixed": {
			"rotation": [0, 90, 0],
			"translation": [0, 2.5, 0]
		}
	}
}